-4.260968361904879202e+03,1.802128688545799832e+03,1.728721039089859914e+03,-3.926245569240460327e+02,8.665657522145367011e+02,-4.137849361100338683e+02,7.931773753124823543e+02,-1.835577549836241928e+02,5.973275366990969815e+01,-1.824925433980756111e+02,1.300762517005198333e+03,-5.637194872531023293e+02,6.736421271884955786e+02,-2.831500847514685759e+01,3.659771576817817618e+02,-1.086739759126019180e+02,3.707910605854214054e+02,-1.511573354077592057e+02,7.511867649805033125e+02,-4.491368988058314926e+01,4.738952326400945481e+01,-1.639300409922073953e+01,-1.637044519554127930e+01,-5.288527726440945997e+01,1.039063614993435749e+02,-1.525349548490020979e+01,-4.879108683611934794e+01,-1.681919430129684656e+01,-5.934155532558041557e+01,7.466749697623372128e+01,4.245701235151264541e+01,7.554709837445454923e+01,7.735120693979069983e+00,-9.599607122057390995e+01,-2.579658430283483028e+01,-1.512287322852234261e+01,-2.608044279577917024e+01,-1.078992136471653822e+02,-7.731312298953350037e+00,-4.347609330767476621e+01,-5.534034487805422486e+01,-8.409437935171709455e+01,4.592431058791382270e+01,2.880149310597762025e+01,9.996095896762038535e+01,9.268374437706600588e+01,1.799529268018513761e+01,4.444161516561425884e+00,5.850084358987734277e+02,-3.683790443651878945e+02,-9.682709404746253767e+01,-1.357038262415049985e+02,-9.395891168895929013e+00,-1.737531765320398947e+01,4.638233354013428311e+01,3.592195778489072922e+01,5.645028888778824694e-11
-3.366028457043268645e+03,3.011283704606038555e+03,2.185509416502100521e+03,6.003029804638608766e+02,7.558369631484103479e+01,-1.013823535790148981e+03,-2.411713444832507776e+02,-6.864213324712786743e+02,-1.565463896081650432e+02,2.585320557795662353e+02,3.043976590954366657e+02,-7.960473143185233766e+02,9.605103263837526129e+02,5.061875804107793329e+02,5.578987768927849800e+01,-6.068163641950574316e+01,-2.321138263725691786e+02,7.571610438751137906e+01,-5.626604384509599868e+02,-3.215621817403510363e+01,-3.306224503166960744e+02,2.624750809202565165e+02,-1.344264171658628300e+02,-1.039973670940777595e+02,1.136449840175987731e+02,1.370139046661983961e+01,-4.709077811658499257e+01,6.345844330263987310e+00,-8.660210997177286174e+01,5.712605412649467240e+01,5.533220320360243250e+01,1.035868674387475039e+02,1.760565819071204885e+01,-1.254800307685723624e+02,-9.681724379868120067e+00,-1.565294765470840446e+02,1.965248730478909778e+01,-1.042700895890339012e+02,4.224550705280476137e+01,-1.203700583053368547e+02,-1.254828016524051293e+02,-8.284353829891665910e+00,7.854491391837976835e+02,-1.901709151310156756e+02,-1.675332030361583406e+02,-6.891148238620314714e+01,1.014023610989916193e+02,1.456817118784743457e+02,-1.141841893562154553e+02,1.822757955870978108e+00,-1.846834147007545823e+01,-3.578032678144052170e+01,-1.563636793856269946e+01,5.613265468193986862e+00,1.689384060538518639e+01,9.708615975788465136e+00,4.883471405037198565e-11
-2.131215904705446974e+03,3.690594060987712965e+03,1.657096369694722398e+03,1.187934765975590835e+03,-9.668016961006396741e+02,-8.768240712076208183e+02,-1.094022491645447417e+03,-3.544474859623285852e+02,-7.408190298493534556e+02,-1.964914978279414299e+02,2.655395410154842040e+01,-1.204400655621111355e+03,2.287137702073468120e+02,-2.761923815984520729e+02,-6.244875505775991087e+02,2.653375713205631428e+02,2.008492844284904777e+02,7.206205892513543176e+01,4.580496080647615145e+02,-6.773713843344611973e+01,-3.251362967630790024e+01,-1.470952124821665166e+02,1.349854187055822479e+02,-1.115497107784878636e+02,1.378256911932808038e+01,-4.655271040121122894e+01,-3.883882675278210428e+01,3.372475843042393251e+01,-5.400163922689780094e+01,4.540041803477279103e+01,5.329674191320090415e+01,2.008048611554738017e-01,3.525116546650208704e+01,-9.876878567040907342e+01,-4.025785529001953478e+01,3.919440663657024970e+01,-5.368380619485525784e+01,-7.821486821500975850e+01,1.574827276137316190e+01,-8.214020718384368536e+00,-2.120515435827224238e+01,-2.670793242401317116e+02,-5.798218357970471004e+01,-2.190322143072671679e+01,4.063339623895649311e+02,-6.697455519439979525e+02,-1.133904830141414379e+02,2.571030763175223388e+00,-6.500523297797661826e+01,4.684422981245396578e+00,-3.529866853168828555e+01,-3.559430346012739932e+01,2.000484792361185171e+01,-2.066333701424978742e+00,1.072189295988521174e+01,1.721559728249394183e+00,7.043551852881080322e-11
-5.368135807979674610e+02,4.248696936672406082e+03,-2.560924199113403006e+02,1.767748856121691006e+03,-1.520694544583603829e+03,1.277414970650295203e+02,-6.200195942131229003e+02,7.845617958695563630e+02,-3.438653373876616115e+02,-8.244830743866331204e+02,1.174854976405025582e+03,-5.827289465534203146e+02,2.946250200095034302e+02,1.028783461301183877e+02,4.234457973829762523e+02,-2.542676205461112602e+02,1.283214133028650679e+02,-3.218623907490172087e+02,-2.849810080929507876e+02,-1.103021058112163360e+02,-8.915913989514257310e+01,-1.281759501043746354e+02,-1.986840518517132637e+02,4.226832123769757459e+02,1.410713288192625825e+01,-2.012100249886501757e+01,5.743913052361956773e+01,8.331601601298416426e+01,-5.710567215229927740e+01,1.322901156294289819e+02,5.486084645836822205e+01,3.144717059976064633e+01,-2.117728047102803046e+00,-6.651773586337667155e+01,-4.597887146101079736e+01,-7.778199213533738998e+01,-5.633636598473171375e+01,2.756781630376744374e+01,1.614942395321257251e+01,-1.208239573239865621e+02,-1.320070061130604984e+02,-4.254238511729789138e+02,-3.585527370892011731e+02,-3.717960937516184572e+02,-5.185052335069722176e+02,-6.617521079967515618e+01,1.100098193762587506e+01,4.252806388523228520e+01,-3.693163143448391850e+01,-3.780500219125084982e+01,-4.951732855633401265e+00,-3.324878469785192436e+01,-1.344018668175737830e+01,-1.962713804168334519e+00,2.159359759296551218e+01,8.508795932593844924e+00,1.321490139538639141e-11
7.925224396048691915e+02,4.393090702898432028e+03,-1.459673942435488698e+03,1.718444390267171229e+03,-5.951184115316859788e+02,7.404562090220608752e+02,5.200922874532470814e+02,4.459968644699180800e+02,7.898506651631781494e+01,-2.336301753628175959e+01,6.842829520972229602e+02,-6.430472538055403220e+02,9.756315567031383580e+02,2.779749842945298042e+02,-2.354441118646407745e+02,2.727860180484559010e+02,-1.461270440667612149e+02,7.654815508195288203e+02,2.157728804170002945e+02,-6.587366064458228720e+01,8.610642948800503405e+01,1.074667093908121274e+01,-1.982402127351166143e+01,1.464299670124815123e+01,8.851669373907944305e+01,-2.041865865798570923e+01,-5.779911335391623339e+01,-3.573788169294878116e+02,-1.099553547874851631e+02,-1.339411521115929986e+02,-2.712793076601052888e+01,8.954905010843796731e+01,-1.292152223972087768e+02,-8.470707495786120944e+01,2.151332500320952246e+00,4.056739212544089668e+01,-8.064378736003583015e+01,-2.818069564416609865e+02,-8.491573216907406163e+01,-2.587467968713645519e+02,-5.172563492549425064e+02,6.288215959783090057e+02,-2.196635687559387975e+02,-4.674286720319160793e+01,-2.652828366108942504e+01,-9.570064729038946894e+01,2.037912321885200839e+01,-9.559074937484329126e+00,-6.215223369493280359e+01,-8.285827598159301033e+00,-1.363689802279409768e+01,-3.431450169412332230e+01,5.146750678872317408e+00,-6.778225855237353770e+00,9.190752694388217847e+00,1.240359610420401815e+01,-3.371587731226810547e-11
1.842579449832241153e+03,4.041601666942916381e+03,-1.925546463021435329e+03,9.838821526520650878e+02,5.326550898496774380e+02,5.240975591763469765e+02,6.436923320660063155e+02,-4.105351318846515483e+02,-3.568346087337837957e+02,4.337350544352193538e+02,2.320205232387074261e+02,-1.149352701766837072e+03,7.274323135823888151e+02,-7.288375690890846670e+01,-4.594491937364638261e+02,-1.196992396782336812e+02,3.966931532840063710e+02,-7.508669004535819340e+02,-9.662754929626039768e+01,-4.686719202875542578e+01,8.260269198697946536e+01,-3.995081006080943808e+01,-1.476134944147042027e+01,-7.168696225209100703e+01,1.021662612956011458e+02,-9.850429178957814003e+00,-3.853456782792763846e+01,3.141654130663724587e+01,-7.821619734112634603e+01,5.544204110583626033e+01,3.798669926438964950e+01,1.699969366986288151e+02,-2.558846546263350206e+02,1.337832602824300920e+02,-3.157613671536204691e+01,-1.689938452130013857e+01,-1.426606319007514756e+01,-6.252941482976012821e+00,7.670426086781279906e+00,1.494522577853743428e+01,-3.879306652754561213e+00,-6.177177477464310584e+01,2.040347743088153720e+01,2.341588078939591000e+01,1.019296125413649001e+01,5.544246467521200827e+01,3.806408029721740149e+01,-1.738639099384070619e+01,5.650507977457296249e+01,7.427149458864506926e+01,2.069979877539898183e+01,2.722400346846034722e+02,4.524051463630927401e+02,-2.184533762888456749e+02,8.953122371563421211e+01,2.760125990406729812e+01,6.218253689738162393e-11
3.102900382020080997e+03,3.282540710932785260e+03,-1.782458552175584373e+03,-3.816696811523299289e+02,1.259000164611643413e+03,-2.651462060685609572e+02,-5.212967130735133878e+02,-8.679651598561413266e+02,-8.972060410009983116e+02,-3.041139665287185494e+02,8.195654099817083988e+02,-1.143231743021242892e+03,-9.540953821540520607e+01,-1.487484199958589102e+02,4.984562239607212177e+02,-2.332945771164592372e+02,-1.341484978306530991e+02,4.265201107621076062e+02,-4.496710888481436541e+01,-3.010245234407477710e+01,8.229537783932782702e+01,-4.229943110371269910e+01,-7.943715710895071425e+01,-6.869933930211885809e+01,1.138105605136430114e+02,-8.701305755921470109e+01,-5.832026009476101791e+01,1.737839742046903098e+02,-6.794983342892057010e+01,-2.107469593988101053e+02,1.247559656737790235e+01,2.554601178488637458e+01,1.066917810140191989e+02,-1.175712732744646516e+01,1.343079020432309534e+01,-3.907706055981642379e+01,-2.358431050743913460e+01,-1.025270948627052121e+02,7.353925674810414037e+00,-3.256611335769947146e+01,-1.766045022414267152e+01,-1.317337329358358318e+02,5.286390654208269524e+01,6.891614743833693879e+00,7.600453696835926110e+01,1.436333681493683514e+02,1.482579119487174353e+02,-6.623652043553511248e+02,-2.087591853130033144e+02,-8.784531069769415978e+01,-1.108866783660938609e+02,-5.958433710500396785e+01,-2.022454940188086425e+01,-6.467151222653123810e+00,1.383436795850974477e+01,2.063910241378246724e+01,1.378938352392111710e-10
4.218021462927431458e+03,2.049390228340728299e+03,-1.165873407698604296e+03,-1.301851435775181926e+03,7.623583151242120266e+02,-1.157317986044215559e+03,-8.185499970050443608e+02,-4.644873229979657481e+01,-2.454623501436851818e+00,-8.733463850341112220e+02,8.225000149632221564e+02,-3.268151574049140891e+02,8.760169743284701553e+02,5.037236666060471180e+02,-4.632242199403613085e+02,4.606008839694846415e+02,2.173851911250976912e+02,-1.131143030481253078e+02,4.587728793141545225e+01,-5.806423194826159317e+01,9.775489113588410817e+01,-2.770201283913577228e+01,1.109877785884685153e+01,-8.120754543716583385e+01,2.309168718723554647e+01,-1.767910126441858552e+02,4.511520654942511044e+01,-7.272935433638807012e+01,-9.818821888132561071e+01,9.370543400055939287e+01,7.458475629418252595e+01,1.475883657528643198e+02,-4.108007768515714986e+01,-2.397019560106762981e+02,1.251523164217040573e+02,2.599330199944889728e+02,4.873770573350882529e+01,-2.461881617902395192e+02,-5.757827716834626699e+02,4.225759950077631402e+02,4.699286582081003871e+02,1.943991734167543370e+02,-9.939920538704040354e+00,-1.301942335007011309e+02,-1.467898653128526121e+02,-5.176735088106212856e+01,-1.519621713451803302e+01,8.102252850842400989e+00,-3.978649014084776070e+01,-3.115762221179192082e+01,-3.807388339664194987e+00,-2.606303979619103472e+01,-3.773908768950851034e+00,1.525155572810994453e+00,1.562651143745856075e+01,8.077168779779574592e+00,1.114774106358851213e-10
4.749537922993456050e+03,3.645246173818613897e+02,2.307900494719785627e+02,-1.893183000363605970e+03,-6.869220888909156884e+02,-1.147928341811715654e+03,1.050386667729358692e+01,1.001188292865807966e+03,8.827407622985879243e+01,1.321679991408294654e+02,3.696046866147030983e+02,-1.137259878491168365e+03,8.520266049545301712e+02,-3.446490003214271951e+02,-4.922398503867245978e+01,-4.353054562649023183e+02,3.200689085584613736e+01,1.272075519371881711e+02,9.453409612747016411e+00,-6.199354832680789684e+01,2.764754192423361019e+02,1.863358024277676748e+02,-5.076251548421997484e+01,-5.438470653791605969e+01,-4.766118984528584406e+02,-9.329916043304393725e+01,-7.399304949698075973e+01,1.014616578926752766e+01,-2.953579943145076570e+01,1.753598332546238225e+01,1.001667592388733681e+02,-4.778223409669364941e+01,1.769140416744659206e+01,-1.585014867992775578e+02,-4.696220673192171802e+01,8.552391680362214856e+02,2.733874481277675272e+02,5.002961686361692841e+02,1.716586217088478179e+02,-1.237128072657286708e+02,-6.832396794782350469e+01,4.415594715631922185e+01,7.583245713913233033e+01,4.813115329154234345e+00,-5.377653069178180090e+01,-4.433803722169404438e+00,-3.942774824462027539e-01,-2.853323001040758911e+01,6.207484593543410867e+00,2.776783697406096429e+00,-1.692478904462264921e+01,-1.130978393242702751e+01,-3.629840974169775691e-01,-9.499346005857644215e+00,1.927524636556032789e-02,5.636820930530832996e+00,1.044458408649973080e-10
4.509457932831942344e+03,-9.831722784367786971e+02,1.030875681987531607e+03,-1.339967479380561372e+03,-1.638249358057433028e+03,-1.170597018286091640e+02,9.845555535880995421e+02,-2.686546624193484831e+02,-1.130826669284376976e+03,2.060395062895838123e+02,8.686743903565621849e+02,-8.978926861071715848e+02,1.540407836967249864e+02,4.269438290108238334e+02,1.019057047009308405e+02,5.714273774439079716e+02,-4.669301985283262013e+01,-9.615797649702579974e+01,-4.160004912092471585e+01,-7.239438107898359931e+01,1.538999586680752145e+02,-7.536835463102897847e+01,1.010924975261251468e+01,-9.651285961421301351e+01,5.514926128551069695e+01,1.841951941672148791e+02,3.066343225320090369e+02,1.842494243580814484e+01,-1.268461527881281903e+01,-2.602876975895270562e+01,-2.208908292993973177e+01,3.552957437688749565e+01,-8.113157231088688803e+00,-5.478248310752876193e+01,-7.864657238061750988e+00,-4.946826012404687134e+01,-4.428256897952438820e+00,-4.794872201729673122e+01,-2.142242170841137039e+01,1.203250790892701083e+01,-1.920478985911261205e+01,-6.292166367849299036e+01,-9.659321035870295447e+00,4.358487843275315754e+01,2.323161440760071628e+01,1.140312782745980087e+02,-6.777769255816693317e+01,1.791278784816855563e+01,1.731608325599338798e+02,5.373502910920417435e+02,-3.333750980396354180e+02,-1.492533946143706771e+02,-5.981771880728172164e+01,-4.374723007190719670e+01,2.159362984494368831e+01,1.974698003043452843e+01,4.955963417430098161e-11
4.033935694199451063e+03,-2.433523043841804338e+03,1.518332412983666927e+03,5.181177467470792664e+01,-6.378993617898481716e+02,9.977040102990040396e+02,4.560748115293706206e+01,-1.018239313559814263e+03,-2.321306349680121457e+02,-1.185163121089202150e+03,4.299097021959562426e+02,-5.391876103855770452e+02,9.770281249932635319e+02,-2.556697791509375151e+01,-3.140741215603691217e+02,-5.311552352142514337e+02,2.835028110405414736e+02,1.860527455361161060e+02,-4.755651673987384243e+01,-6.238928004292303342e+01,9.132670103591388511e+01,-7.869796729275185498e+01,-2.035213487916893627e+01,-4.624304357470280991e+01,6.958062752280706320e+01,2.117133484902878848e+01,-2.395805535084607385e+01,-8.814042848671078900e+00,-4.599261312570963156e+01,6.691723239747582852e+01,3.137814332049288879e+01,1.532440789119698010e+01,1.434203610701976572e+01,-5.917656976124092694e+01,4.796934959502592477e+01,2.481841655642261912e+01,1.197253192625759510e+01,-1.804734128556406603e+01,-2.845474942032998200e+01,-5.487598915092508634e+00,3.166655882035057878e+00,-1.599778504238449841e+02,-1.745777975419758548e+02,1.729083082932440050e+02,2.354003989669166117e+02,1.956722595105620996e+02,4.934376870396746426e+02,3.544770558840716603e+02,-2.569073730197820851e+02,-9.559028924134896954e+01,-1.023038273562156206e+02,-8.850450439684931325e+01,3.447406737254423703e+00,2.777847633846725728e+00,1.344880352190456207e+01,1.073489124343122469e+01,3.631234202217115126e-11
3.036475635870472161e+03,-3.628190266294127923e+03,1.395790313067655916e+03,1.172817439118164202e+03,6.878470989593602098e+02,8.360942204830174660e+02,-8.394278350784561553e+02,1.634710182431891212e+02,6.865058617676318136e+02,-7.642913706973023125e+01,5.164768113959501079e+02,-1.440874105931953181e+03,4.830692508719567968e+02,-2.504637436228269465e+01,3.663054189109126355e+02,5.705302615290171389e+02,-2.447885601941441109e+02,-2.016307635830505376e+02,3.661505658471770630e+01,-6.472842903260203684e+01,7.140122622230261129e+01,-2.508574003637219363e+01,-6.535222752149888237e+00,-4.885162195444780764e+01,7.747784688615219295e+01,4.759604956809599940e+00,-3.071198655827918955e+01,-4.882887461989220412e+00,-2.386853634078023845e+01,5.479655365293415059e+01,3.914811816782012244e+01,6.378861252536886894e+01,4.165169730577339635e+01,-4.277303770283116080e+01,2.980928098547616401e+01,-1.564237668802661574e+01,-2.264157543925862370e+01,-2.822520596962367989e+01,4.135421042574697026e+01,-5.674135761254447630e+00,-8.814825172424431088e+00,-3.004353579818808484e+01,-1.706794600922589922e+01,2.949028881387935641e+01,3.596451284041752672e+01,6.363969102165926017e+01,-5.802759387316453576e+00,-1.143220717397116104e+01,6.669994497104985953e+01,8.245448911578267825e+01,3.688705919793510191e+01,2.077718470096224337e+02,7.037677522928919416e+01,5.355054893340495710e+02,9.714653299665897634e+01,1.284564162087347938e+01,8.171671672663194386e-12
1.640364416832638881e+03,-4.031761077818660851e+03,7.986055306949907617e+02,1.469999874628162161e+03,6.870324941410790416e+02,9.030347869852642262e+00,-6.357170519934620643e+02,4.417734796739405851e+02,-9.236423084312284573e+02,4.878481048218834530e+02,1.260828859735242986e+03,-5.752914127649891043e+02,3.042004963331317526e+02,3.988544898125163627e+02,-4.928248600436815536e+02,-2.419640068607448598e+02,3.723330469138116428e+02,1.447564745991704172e+02,-5.511966403778320966e+01,5.190469505270621084e+02,-4.876972988460277492e+01,-1.314798650405852598e+01,2.929452554945878973e+01,-6.138299844221445056e+01,3.752597887087681272e+01,-7.824646995496894419e+01,5.780669680688996692e+01,-5.783508878757558591e+01,-1.047024118895047877e+02,1.046575007480944777e+02,-2.076222454259343486e+00,5.656546917918203121e+01,4.586976610518601660e+01,-1.049292349727900842e+02,7.573223169239197432e+02,-3.636855687881670178e+02,-1.535698493158428164e+02,6.065822284497292003e+02,4.647313345015358976e+01,2.144727091065779234e+02,-8.627314933612508696e+01,1.428594344721428229e+02,-2.739047463112481040e+01,-1.137788101367378957e+01,1.175638431312361476e+01,-3.787519687969029292e+01,-2.955891159074501573e+01,-2.444676427415418374e+01,1.645222985319917175e+00,-2.793306991620588065e+01,1.254369173230998946e+01,-3.094384191152706620e+01,6.348233485694088074e-01,-2.403468021664886933e+01,-8.846007197480000528e+00,-4.626297848785476674e+00,-3.417336205679966099e-11
9.392322261875507650e+01,-4.341278009749084049e+03,-5.744765779863963644e+02,1.844471558374282040e+03,5.092034258578187860e+02,-9.395359257333918777e+02,3.265205330740623140e+02,3.225268536099464427e+02,-1.414318776934527932e+03,-3.606404642795450286e+02,3.738357746070945495e+02,-4.099437258603152259e+02,1.140126191244686652e+03,-3.967546585897065938e+02,1.479795265474278949e+02,2.107685840573304858e+02,-1.584241827350670633e+02,-2.444410626084120253e+01,-6.679528616762030424e+01,-3.906588959658620297e+00,1.156977421505460768e+02,2.162510778785559395e+01,-7.490454891834857243e+00,-8.272602723785487910e+01,1.524776254268746811e+02,4.431150527423566388e+01,-5.431898660864749928e+00,-3.855994449940020274e+01,1.253952083499159897e+01,1.166764463475035711e+02,9.442522544023839259e+01,1.178103264575064202e+02,8.269987973542874897e+02,8.598798775212293322e+02,-1.006055991206420543e+02,2.905274403815254658e+01,1.000392843053463992e+02,2.591234968092520674e+01,-2.673782089015735508e+01,5.718157262569632593e+01,2.668161294456980315e+01,1.267810347820390433e+02,-1.622332749901993054e+01,-5.339284862115509611e+01,-3.482531591483348166e+01,-4.344322499429438977e+01,-1.528578505383923059e+01,5.018924527126851842e+01,-1.236309671460180670e-01,-1.778089786314245657e+01,-6.685148987974075752e+00,-1.564513418674151879e+01,-1.598402823137909934e+00,-1.967721144411355638e+01,1.434701782886858901e+01,3.905785064540172158e+00,1.317059239447360142e-10
-1.344628993165360043e+03,-4.159797253319553420e+03,-1.468699611835479345e+03,1.565163642743282935e+03,-3.417963917731993888e+02,-1.369241630137626998e+03,8.130139541383887263e+02,-1.819534477818215024e+01,1.891143511414079512e+02,-8.191165880100713821e+02,1.284022334619757828e+02,-1.438681953124308393e+03,4.623392555080707922e+01,7.079343660483237954e+02,3.955219092055597940e+01,-1.099540103869091041e+02,3.390787856902620661e+02,9.574260974440734628e+01,2.846264031860238219e+01,-8.508829040906155683e+01,6.732909474862422883e+01,-4.873097857953943191e+01,-6.186308965209011745e+01,-7.752067606063818062e+01,1.045135477919012033e+02,-7.974959024609917435e+01,-3.185349240657277292e+01,-1.824405696981133929e+01,2.462505308822869665e+02,7.985501855771792634e+01,3.712762062464148016e+01,4.970862347444769114e+01,-1.343653168664701170e+01,-4.521252826375731360e+01,-1.164603541265061892e+01,-5.797454568772586470e+00,-1.296835038407190055e+01,-5.433684030040449642e+01,-1.174916052646616649e+01,-4.887027142107773159e+01,-6.886058003978615005e+00,-8.029395765750506087e+01,-4.014058391028477502e+00,4.198407779276715956e+01,8.290487418054031821e+01,7.869322459719887775e+01,7.680575429117754993e+01,-5.640728148168260248e+01,8.573656568385358412e+01,2.127529483772470087e+02,5.721136166252499606e+02,-2.246642381031525133e+02,-1.810976767880006122e+01,-3.775516829548070774e+01,4.430424900974318803e+01,3.453676803803652717e+00,3.427121086918560877e-11
-2.809125557922302050e+03,-3.478699858283512640e+03,-1.875017797660900442e+03,4.307426854068507538e+01,-1.190869366873469517e+03,-6.447326188365132111e+02,-2.562376628546859934e+02,-8.729696877953113017e+02,3.697157461517386992e+02,1.452706806729343896e+02,1.400908496242816000e+03,-6.048671578021558162e+02,4.614705851798232743e+02,-3.781676107287564719e+02,-5.310260459921078109e+02,-1.041870676151883970e+02,-5.378540908488785135e+02,-1.646934630513479760e+02,2.808279082124347070e+00,-4.782872417883312011e+01,7.484068153705555915e+01,-2.724679246297992918e+01,-2.157952186166530595e+01,-4.907103634333698494e+01,8.747756597230657860e+01,5.244375055971190136e+00,-1.019989020342664787e+01,-4.875232516984464581e+00,-2.792052504254806422e+01,4.904511264932691006e+01,3.975474134302575635e+01,5.519251100716311953e+01,2.462111163597312213e+01,-4.890533898682386393e+01,2.573044907477899379e+00,-3.181382952948842302e+01,1.610098412451286265e-01,-6.084224256936168729e+01,1.243376913918492832e+01,-9.246757124175621811e+01,5.392431341535292688e+01,-3.648978958814828388e+01,-1.150493798333058493e+01,-8.138992030387194987e+00,3.803576149555668451e+01,4.950822406648798335e+01,-5.366193382821284885e+00,6.694353539205605941e+00,5.302046493811970862e+01,2.699636785058190469e+01,4.984854460344414662e+01,1.432182780034087841e+02,-1.878540519451346924e+01,6.372712527669230909e+00,-4.867610049422657994e+02,1.532775019662992690e+02,2.119129871580582858e-11
-4.127309351960145250e+03,-2.449118675618252382e+03,-1.679418558964977365e+03,-1.110285718563122828e+03,-7.824134928755556757e+02,2.676166553420343917e+02,-8.682343676271113964e+02,-3.305341653875694874e+02,-3.146742980466625568e+02,2.415325828244406239e+02,4.517630897429422703e+02,-7.005699794216957343e+02,8.868160777733992290e+02,-7.475651844928108858e+01,3.954513366214681582e+02,3.252737431263478811e+02,9.185156042077035181e+02,2.489177636332771613e+02,-1.832828726118563623e+02,-2.871417322816040851e+01,8.112291319681975210e+01,-3.603202959972830399e+01,-6.846266211160223492e+00,-5.289030273404293325e+01,8.898595281734327500e+01,6.331434647889482292e+00,-2.730427408428173663e+01,-1.357911706153700493e+01,-3.779579496137514383e+01,4.711553434166647492e+01,4.523822609858130050e+01,7.594724968976164803e+01,3.341874727369309994e+01,-8.877064635718015495e+01,2.692727106061755293e+01,-6.177330126549302136e+00,-1.973504585350767115e+01,-6.843137475545013615e+01,-9.065826416770892848e+00,-3.464761034971240861e+01,-3.866310949583390055e+01,-7.919705072554653214e+01,-8.018792393957106412e+00,1.578169264496451660e+02,1.462656773734533289e+01,4.459509194241093155e+01,-4.893622227623210819e+01,2.497718276433460360e+01,1.084042051828979858e+01,6.055274841097187277e+00,6.576799081626349164e+01,3.917446019303652065e+02,-3.858087808167214803e+02,-1.685018445232521742e+02,1.465634144287591880e+02,2.505042914946191601e+01,-2.262534604113852765e-11
-4.771069826456448027e+03,-1.109116692135394715e+03,-8.903737991467612574e+02,-1.576153021409446410e+03,-1.052319243115071572e+02,8.660850605227069536e+02,-5.461755564532127210e+02,3.984959449661320150e+02,-9.177511628172790097e+02,-3.419658033622205267e+02,1.747909485553701074e+02,-9.555191574339065710e+02,7.518678340800473734e+02,7.386998433093965559e+02,-1.147302220291016681e+02,-2.822474304654936077e+02,-4.584216916800625086e+02,-1.970433763109632537e+02,3.064547167331894002e+02,-5.487843159823651007e+01,8.588629812378728445e+01,-4.506138155730783978e+01,-1.160566609438993169e+01,-5.713026185995700246e+01,1.061908581304007555e+02,1.077922786733712357e+01,-4.257349997183442980e+01,-1.058219795523929463e+01,-9.931515913794152084e+01,3.735274579196223499e+01,1.325293127012253649e+02,-1.818195973727981141e+02,-3.302444574746752437e+01,-3.172997353751541993e+01,1.212967976096210165e+01,8.967623053623640317e+00,2.294629972343334146e+01,-1.039983947766983192e+02,1.125627600837507636e+01,3.154195988137557194e+00,-8.246948034626137769e+01,-1.170167903076395248e+02,9.234189774919501659e+00,-5.016600698767041067e+00,1.572220327210526420e+02,3.356313227818821474e+02,-5.852239775114771874e+02,1.346191693323179948e+02,-2.487768011252571227e+02,-1.328769900987256563e+02,5.432872076749744039e+00,-1.047471224572275617e+02,5.099913444224849002e+01,-4.968070030006343174e+00,1.885383187535779115e+01,1.304593089534163397e+01,8.686340535746239766e-11
-4.906879847198836615e+03,4.149677198726839720e+02,5.555302219393943233e+02,-1.268405145211792387e+03,7.575449011382391973e+02,3.779894858964405557e+02,6.289847877342253923e+02,6.535710320103848971e+02,-3.287993386777154114e+02,-7.840813959054274846e+02,7.803370180900367359e+02,-1.084857879666646340e+03,9.975359869738701946e+01,-4.115549958190813413e+02,-6.535588970861315374e+02,3.306048780161202103e+02,9.653703608280611093e+01,2.078454481871318364e+02,-5.602347776054386941e+02,-2.903746010002480205e+01,1.906223418455711993e+01,-1.464689632300739497e+01,-2.812340492094064714e+01,-5.399699345971522035e+01,1.059940732870422124e+02,-9.700993359982664543e+00,-2.711940727856250533e+01,-7.731282813092120065e+00,-4.791360003114993305e+01,3.838651300121154719e+01,8.078382654091697646e+01,-7.573071752167577131e+01,-7.807186753566340620e+00,-6.028287517950320762e+01,-2.514089146170214235e+02,-3.027504202633997465e+01,-2.486658114995902906e+02,6.853564335326976220e+01,1.377248215373104756e+01,3.513377483535764156e+01,3.086829835112173370e+01,3.206596959300608773e+01,6.199290156071395330e+00,4.412804248835748844e+00,1.024549619489378571e+01,4.492285543872954179e+01,1.191362995212676879e+01,-1.004102146507527671e+01,3.612301174145017768e+01,-1.984248034924970483e+00,-5.521084137864169961e+00,5.356955760798409472e+01,-7.601538008614564745e+00,-9.988908517187457647e+00,-1.233901352795643902e+02,-4.573377147590414324e+02,4.975003742302419596e-11
-8.515500911212213396e+03,3.508523996337461540e+03,3.760374259712761159e+03,-1.083726856796909942e+03,2.025648169405927092e+03,-5.213446894656713084e+02,1.814212649622883418e+03,-3.182529388605425993e+02,7.628668618547558253e+02,1.548666195418830398e+02,1.400353605821085239e+03,5.809405422582644860e+02,2.365263236378557963e+02,-1.687405622728813057e+02,1.000022445401715913e+03,-2.509435899386931226e+02,5.875401136734587908e+02,-3.800813801376216929e+02,1.582954167891402903e+03,-2.111622176953238039e+01,4.119647548739209242e+01,2.166145552059350621e+01,-2.424131253477655434e+01,-4.949614672652206337e+01,6.236962320616363087e+01,3.443423678707076441e+00,-5.398370957674496040e+00,2.069940365063365206e+01,-1.936084888431376783e+01,3.663605570788477905e+01,2.120113657267679841e+01,1.155003492505722562e+01,-2.324972751938130600e+01,-1.896188623749784767e+02,-4.220546342893418910e+02,-4.254395833471685364e+02,7.068308734837761449e+02,2.544757692452853917e+02,-5.533876123660385105e+01,1.037250484745181609e+02,-3.754565788375421320e+00,1.233514420924090729e+02,-8.817996459381011221e+01,3.542433428672789653e+00,5.717486328884024971e+00,-4.090556658984368710e+01,-7.475871883100278836e+00,-2.327044202084181990e+01,-9.662974478524834865e+01,3.202477745131471920e+01,1.852612176319440707e+01,1.730691815967645653e+01,-4.042518260223192605e+00,3.377638574711534503e+00,-4.030338294170565661e-01,-5.746382217114566870e+00,8.195177869652070513e-11
-6.803361568267921029e+03,5.830918257887843538e+03,4.636405976497347183e+03,8.554376222809864885e+02,2.749181390236425955e+02,-1.688038342271633837e+03,-2.524698693750543725e+02,-1.418513281932258906e+03,1.925908211523303919e+02,8.984821149428189528e+02,-6.929511995863961147e+02,1.201217776069450451e+02,1.084430162829824894e+03,1.073371834039715395e+03,4.063565699021087312e+02,-1.830455099167551793e+02,-7.337052404696424901e+02,1.906913735679588626e+02,-1.398627119571572393e+03,-6.708373118269632585e+01,-1.420300415853708728e+03,8.755357180780055160e+02,-5.422856256694383319e+02,-3.135769354703904241e+02,-8.221860786215043504e+01,6.601289288530972499e+01,2.255323045462466496e+02,3.523713566839807498e+01,3.255714381054894346e+01,-5.759164682714821026e+01,-5.328517778448110676e+01,-2.773094478455638523e+01,-5.017924159046228283e+01,6.473935798056224655e+01,-8.243589431580566895e+00,8.938583656470845540e+01,4.987401721725603920e+00,1.491445420832562974e+01,-9.101904858992048375e+00,4.729074187318120437e+01,4.602310777958486199e+01,1.440287419300384286e+01,-2.462319907908063783e+02,7.616467570849141566e+01,5.720043947394091077e+01,2.944779049168766250e+01,-2.799817618215841719e+01,-4.042332768026281542e+01,2.823161118778179457e+01,-7.390539390087571547e-01,5.108565136065685408e+00,1.395790759840737039e+01,2.777695898800143226e+00,-1.857469061838877167e+00,-3.266625260862946689e+00,4.004830668316561315e+00,5.262579261255950769e-11
-4.179897434836942921e+03,7.240712220510300540e+03,3.544633006175517039e+03,2.007271544591999827e+03,-1.813381617319669203e+03,-1.493281393290776123e+03,-2.084156275625613944e+03,-5.763635997819450267e+02,-8.155497742812906381e+02,4.825227651140293972e+01,-1.224514915748806743e+03,-6.311359239096777856e+02,-5.809920148236481054e+02,-6.979874018437695895e+02,-1.199191418120526123e+03,5.111453129755258260e+02,3.211245422213832512e+02,1.654264117433629622e+02,1.021497721601438798e+03,-2.187062479635903003e+02,-8.676546292144055315e+02,-9.956893712786105652e+02,1.006548174107726595e+03,-2.974258333852763485e+02,-6.335503652250869209e+02,-7.116417349225159228e+01,-3.205611425082274479e+01,-1.150981442120645681e+00,1.184285734768332432e+00,-3.445369136552204736e+01,-4.458830447984199452e+01,-3.639830981242786834e+01,1.966435447442964701e+01,5.643494914907299176e+01,-1.981253127737268471e+01,-2.645192947508134651e+01,2.997492511103791557e+01,6.260051006888637914e+00,3.700260144628455095e+00,-1.642756742079087218e+01,-6.535408657483111838e+00,6.525785187880239846e+01,5.076070234232337164e+00,-7.212884009895706328e+00,-9.846749516395077251e+01,1.592001458278186874e+02,2.801511946615850945e+01,-1.237726206074559343e+01,1.349986982889275922e+01,-1.875466386533730656e-01,1.181716087354536882e+01,7.451593681390823676e+00,-4.327792681574754496e+00,-1.522340812068385674e-01,-3.007349325318472211e+00,1.987501615988236381e-01,1.025806106724758138e-10
-1.039692075085731403e+03,8.441465975500690547e+03,-3.153211353388335283e+02,3.185975326078384569e+03,-2.803539516808195913e+03,5.751768492897352871e+02,-1.075970676348694269e+03,1.684199022201674097e+03,-3.270212532020763518e+01,-1.302971751324673505e+03,1.121343381948413480e+03,4.459592287851985475e+02,-6.297945177871918077e+02,-5.309006297100680172e-01,1.061071336767527555e+03,-5.179427331044803395e+02,1.736696130277634893e+02,-8.091067620880270397e+02,-5.907023176582126780e+02,-2.249401969419743921e+02,-4.047575672213812368e+02,-4.389857185604907386e+02,-4.227104062825513324e+02,1.428869886240594269e+03,-2.073698870083650263e+02,1.083209457496839718e+02,1.367494623159336129e+02,1.376504011442600302e+02,5.947223094650816932e+01,1.024837705628778224e+02,9.442062714458568706e+00,-3.094815571853786196e+01,-7.305064780810340608e+00,5.501324589402157983e+01,1.839115949276222395e+01,2.854212010727515292e+01,4.132842290692776999e+01,3.749615020402565335e+00,-1.258164934742286079e+01,6.943089235054856090e+01,5.685927712594735084e+01,1.781436158267366352e+02,1.433336823485915374e+02,1.359051981781767608e+02,1.920817751900442545e+02,1.214464482554009805e+01,-9.682207612450341117e+00,-2.515755638884552070e+01,1.315317924134889971e+01,9.501665554360632981e+00,-1.599777255652455210e+00,1.311422583860430535e+01,3.251852656534660824e+00,-2.396609085932396965e+00,-6.000872048353986798e+00,-6.694357769252894386e-01,-3.656648595029565740e-10
1.600982178229147848e+03,8.813011472690537630e+03,-2.829872620539245872e+03,3.250539498874107267e+03,-1.035788531307584208e+03,1.783700755891160952e+03,1.434826795222227020e+03,9.119396050019017821e+02,8.828138347818356806e+02,4.460745484499563531e+02,1.069860361926332217e+02,4.926056472403275848e+02,9.386515482307546563e+02,4.488414476123534769e+02,-3.109490503908172059e+02,6.142572646408997343e+02,-4.596274851611335066e+02,1.633027846543851865e+03,5.227641990709190623e+02,-1.157869980542871673e+02,-2.852073383557324604e+01,-1.543438039924945215e+01,-6.141485889619649186e+01,1.879187534647297753e+02,-7.602289203995127309e-01,-6.047132644341154162e+01,-4.314892312893016424e+01,-1.053764210886651199e+03,-2.933188133024253119e+01,-6.078502489565329370e+02,-3.464095379896241411e+02,-6.304672039487289226e+01,-1.656542007422646634e+01,9.554127992458573715e+01,-2.304675051221735060e+01,-2.721462050429435919e+01,4.315221186581386803e+01,1.197716814176182965e+02,4.885405591554275162e+01,8.697700661580879000e+01,1.852144362058398031e+02,-2.397887297692152231e+02,8.149006588694764730e+01,1.164595486459561258e+01,1.464836889610914739e+00,1.181344852315773153e+01,-7.898617622563271823e+00,1.673455625924557211e+00,1.323979492849783313e+01,-5.404644230520244008e+00,7.823515854412862680e+00,5.690290034918444206e+00,-6.521010691334161891e+00,5.191647983154641821e+00,-2.375081647862323564e+00,-1.359169248197793500e+00,-3.257985548010822185e-10
3.700422460224070619e+03,8.057505939441248302e+03,-3.638798725839612871e+03,1.654578133242290505e+03,1.347907399446025920e+03,1.432918134062844729e+03,1.492332234063760552e+03,-7.647501638393041503e+02,-1.143498716096179635e+02,1.310048280754956295e+03,-8.238579959618384692e+02,-6.426097017717066819e+02,3.054905623397651198e+02,-3.294034094193489182e+02,-7.792818455374891755e+02,-3.495529818159425304e+02,6.780324441513574811e+02,-1.590481531386097686e+03,-2.299835664000356132e+02,-1.899312800808274915e+00,5.864317150369431886e+01,-6.041767311837608645e+01,-1.864991861361763981e+00,-6.870401704069577420e+01,5.694949443112653142e+01,-4.893636572033504706e+01,-7.164761710746276435e+01,1.469658390594939021e+02,-1.081700227178576057e+02,1.927603465275290517e+01,2.615422924063437193e+01,3.191271673656430039e+02,-7.472248040876457935e+02,5.718680292019348599e+02,-9.019916375174904744e+00,2.212813948592241786e+01,5.955348930199248514e+01,8.933538537155757808e+01,2.841293686945830643e+01,1.788165782427686423e+01,6.424816994369763279e+01,1.092511553364539623e+01,1.495676750462225613e+01,-1.016084086309592038e+01,-6.155996298812375755e+00,-4.160431796537048399e+01,-2.155938502127077072e+01,6.516985328618673634e+00,-3.053002047467506941e+01,-3.883670353926775931e+01,-1.789331892145544245e+01,-1.059833375397477369e+02,-1.850708307610506722e+02,8.516691277773443858e+01,-2.929407700153313954e+01,-1.249328517213267453e+01,6.692996157298125581e-11
6.240856602632348768e+03,6.513473728003122233e+03,-3.378130546923514430e+03,-1.119880238048330284e+03,2.771139487874157112e+03,-2.218760526520796930e+02,-8.328814141175753321e+02,-1.726605937872225923e+03,-1.229533979698515395e+03,-2.562838892812433187e+02,4.007036241822318630e+02,-6.171661556804855309e+02,-1.366469370074796188e+03,-4.742170199881542771e+02,1.217832797440823697e+03,-5.178357657216999996e+02,-4.610844554466062846e+02,8.859649654600368649e+02,-3.158739442160819522e+01,-1.607107833154249832e+01,-1.240015236743686167e+01,-7.764283518984105115e+01,-8.980624793571610098e+01,5.017031873580614132e+01,9.984814259863924235e+01,-3.952856996438130750e+02,-1.863298487245762090e+02,6.927367043390663639e+02,-4.161201861941634661e+01,-9.785773624691225905e+02,-2.108181801140725042e+02,-8.601991348469272225e+01,7.450001960550440572e+01,-8.275138019657216404e+00,3.039769039336004752e+01,-1.106206696583529947e+01,1.050789594254669623e+01,3.189897966052360445e+01,-1.586845565811956504e+01,7.152644621681747417e+00,3.761291853368488702e+00,6.343208733973382607e+01,-2.080207902704587397e+01,3.912589253900232933e+00,-3.976116651412160508e+01,-3.932433800421436132e+01,-4.189643544216983884e+01,2.218501409884054567e+02,7.424838225959638294e+01,2.974166233584059071e+01,3.996202168135690158e+01,1.500603373495938087e+01,8.836814155940059479e+00,1.051107383509491733e+00,-3.666924009229205694e+00,-4.717693985936857182e+00,-2.617356331668929670e-10
8.448338644296976781e+03,4.087992645410087789e+03,-2.086104579143145656e+03,-3.045399466046907946e+03,1.768183608479785789e+03,-1.987253038905745598e+03,-1.544932481531202257e+03,1.205000863451937931e+01,8.162701459223758320e+02,-1.331059058084726757e+03,4.052040466050169698e+02,1.278133249494237134e+03,6.187549100138379572e+02,1.080600460415212183e+03,-8.417727597458517721e+02,1.052052213478602198e+03,2.546619027607103192e+02,-5.115172197859054108e+02,5.953635309626537264e+01,-3.598836362671351452e+01,-4.785513772464777560e+01,2.691229035217628152e+01,1.471508759074964168e+01,-1.038138840373071048e+01,-1.976522042497017395e+01,1.147732032406628832e+03,-8.056549991366312042e+02,1.195440697606480285e+02,3.258705287651163189e+02,-1.362145275515262597e+02,-1.673374533057632050e+02,-4.821942825691696299e+00,-9.926358294478546895e+00,-2.491868879523836178e+00,3.492044308260495455e+01,-2.741669182431275686e+01,-2.338415354879367669e+01,6.552698368020338648e+01,1.147376217541462395e+01,-1.182408601078399890e+01,-2.507132572798822068e+01,-7.843971717678527966e+00,-2.345462538742213354e+01,-1.237860211477468297e+01,-8.063302084301168904e+00,-1.414908240134568729e+01,-1.184204291295804623e+01,-4.866813360427366675e+00,2.706010661443670529e+00,-5.294047685970113548e-01,-6.195117887970322812e+00,-6.841914215079572870e+00,-7.537347852526110614e-02,-4.747131406075850713e+00,-4.610868918788098014e-01,-1.700782918989979464e+00,8.247180716125512845e-12
9.501205756467363244e+03,6.872556136780226552e+02,6.912804866632353651e+02,-4.227734001957634973e+03,-1.101477483184970652e+03,-2.050356862181271481e+03,2.218069004007831211e+02,2.331276849222136661e+03,9.130789168582381308e+02,8.076688285949464898e+02,-6.441325289988659506e+02,-6.712779680992329077e+02,6.800776334209406286e+02,-1.002373463359068865e+03,1.236694904367424641e+02,-1.100437252194612938e+03,-3.523824181374705233e+01,3.097366889179127156e+02,2.231657754374080938e+01,-2.084357973632193932e+02,4.521052732576047219e+02,5.480848337148632936e+02,-2.172867248843787706e+02,-7.249358808186471492e+00,-1.347184160825154549e+03,-1.670561220924868167e+02,-1.526633960996749408e+02,2.459822124138075594e+01,6.245811878352129298e+01,-8.995092685923040676e-01,1.848341068541123278e+01,-4.359585083146804863e+01,-1.694999416288018423e+01,1.079160430274221341e+02,2.002791010798342697e+01,-3.978155408955104804e+02,-1.137330758621927913e+02,-1.779367413140763006e+02,-4.740330141487740434e+01,3.332596357283613742e+01,1.713213579483440796e+01,-1.736697163088302176e+01,-1.675765484431792629e+01,6.165154244216823898e+00,2.731087346426379270e+01,1.339906540363668519e+00,-3.263300375110297580e+00,1.340915120397839644e+01,2.722132235157360469e+00,-5.025302931677568807e-01,-8.752537468279726340e-01,6.151188153306964779e+00,-1.256907507756469755e+00,-2.292164946460122366e-01,5.464198523490662041e-01,-1.779803624471602674e+00,-1.520905623664248196e-11
9.043215690137358251e+03,-2.056339536133978982e+03,2.302461332927690364e+03,-3.132791469016842257e+03,-3.041655226846574806e+03,1.199833247611304898e+02,2.161477150106891713e+03,-4.285398787305429096e+02,-1.638158902596278040e+03,9.076131584782056052e+02,4.565786046559975375e+02,-8.731476329637435185e+01,-9.030451423674276157e+02,6.881436890977180383e+02,3.723246322426020924e+02,1.035803558932897431e+03,-2.150974537812055019e+02,-2.567732428015975756e+02,-1.186067644085844393e+02,-8.501525621532897503e+01,3.451260089006470935e+02,-1.541707483606302844e+02,4.221206998872381888e+01,-1.959151653264055142e+02,-1.691883863318115857e+02,6.529723927614743388e+02,1.060829701250728704e+03,1.442713293930383145e+02,9.776185655787536177e+01,-2.680670393524451924e+02,-1.982130608314168114e+02,-1.692604147058749220e+01,-5.028062868678213704e+01,1.605581371883160102e+01,-2.876826285655257465e+01,4.167750693581975696e+00,-2.371523497563515903e+01,1.200610587006117669e+01,-7.499701095835028752e+00,5.507125165393782495e+00,4.973130726783111299e+00,3.741100257778415994e+01,3.905579955880873655e+01,-2.837955288310066493e+01,-2.470544656303964715e+01,-5.772868208106248034e+01,1.710693597779956576e+01,3.152610444769337050e+00,-5.680887867449926887e+01,-2.021044234706341740e+02,1.229986752258383689e+02,3.989084071600506576e+01,1.817570262962481209e+01,1.719567541283765877e+01,-1.119014622245098067e-01,-3.756305632107377335e+00,3.210620658222751445e-11
8.136730768485503177e+03,-4.911531073851313522e+03,3.311345167841865077e+03,-2.437557142065439280e+02,-1.125700127789745920e+03,2.428866014792673468e+03,2.749973505491239507e+02,-2.014662126363500420e+03,1.160066983476718434e+02,-1.915572624904736585e+03,-3.858840579875784442e+02,5.521329749770428634e+02,8.536728696869568012e+02,-3.126204864881304957e+02,-4.767682791319201669e+02,-1.119722199829821648e+03,4.560461607250347242e+02,3.619246175679168118e+02,-3.324649829496714659e+01,-5.729133920922659229e+01,8.502918583352700921e+01,4.304077863044018670e+01,-2.446415775854477914e+01,-4.920250905209423564e+01,7.028877260558046203e+01,-1.612027109774454061e+02,-8.493086075152194780e+01,1.715711521738262206e+02,-1.941998912495802472e+02,4.967079812278170721e+02,-1.097817888688476842e+03,-2.845332034952385811e+02,-2.058886812232610453e+01,5.863575240598590455e+01,-3.934557154792675249e+01,2.623906910677571602e+01,5.545538457159565837e+00,-2.067847065368599857e+01,1.597064554600297015e+01,2.144742743583485378e-01,6.962999905476760176e+00,5.300290505611282299e+01,4.144468163392449611e+01,-3.350744960211652312e+01,-3.638354963852291490e+01,-2.831976035805298864e+01,-7.301940967447342246e+01,-6.092049794829240739e+01,3.054719397313072093e+01,1.478895936706021175e+01,2.205508168538628411e+01,1.224403035176731080e+01,-4.916866178218322503e+00,-3.284676285099664028e+00,4.417132195837893960e-01,-1.672161576222563895e-02,5.628558730208510497e-11
6.166505579544448665e+03,-7.344366603774255054e+03,3.008145082223424652e+03,1.962043521998738015e+03,1.573928994403674324e+03,2.084987687705932331e+03,-1.529249801412211582e+03,3.214683854293704712e+02,2.064885700092046591e+03,2.168450447379729553e+02,-2.838892168752890370e+02,-1.261733004352284297e+03,-1.485900706234119752e+02,-2.677143369102655015e+02,8.921969828620415228e+02,1.114730252743858500e+03,-6.463629044389674618e+02,-4.753077067665046798e+02,9.880196691397415520e+01,-2.553623794933024271e+01,4.929079264752608225e+01,6.369780501088460056e+00,4.088325765317184590e+01,-6.780587615570524918e+00,9.304133612947694587e+00,2.531417253121161437e+01,-1.840815344169310919e+01,8.445340641127080161e+00,-3.195941948758400741e+01,-1.525844310189707542e+01,4.338326309138091119e+01,5.187934964898484935e+01,-4.307768657404139390e+00,-9.284203443959364677e+01,3.223329459472599723e+01,3.375803715720297049e+01,7.590793594831687585e+01,-3.020872157776030917e+02,7.096213631343064208e+02,3.848233727598513383e+02,1.268557505269571095e+02,1.400220290325572421e+02,-6.514061050767080019e+01,-4.458000275736156226e+01,-8.307101219662312985e+01,-3.345550514446940582e+01,1.805369861971870904e+01,1.545153032294517459e+01,-2.150001115042037014e+01,-2.157040976100765306e+01,-3.451528295418739845e-01,-5.265204644561089253e+01,-1.927350631233647249e+01,-9.983237104495107417e+01,-1.163491958700540607e+01,1.783876261254128792e+00,-3.427508832309911213e-10
3.461955859093835898e+03,-8.328527743368898882e+03,1.906942447651596467e+03,2.466392787030804357e+03,1.694042360964712543e+03,3.320967509145983740e+02,-1.078817518542054813e+03,1.042343243958690664e+03,-1.067772666665131965e+03,1.777159629444500069e+03,1.393755598999367749e+03,4.660516763969453677e+02,-6.919152772949482824e+02,8.567221500012667548e+02,-9.807157725941681292e+02,-5.944091907580229872e+02,5.161120951970560782e+02,3.206829452491850816e+02,-1.293997608339217891e+02,2.055522337385906667e+03,-1.063487591430079249e+02,-3.966555496036777129e+01,3.384483030519661639e+01,1.794409180804377399e+02,-2.465125082615318775e+02,3.090253514266499302e+00,-2.307784561322171157e+01,-2.284820492956389870e+01,1.184525509451855925e+02,-4.778496505071043998e+01,-7.095218512102242414e+01,-4.708053846030964706e+01,-5.112373614461738924e+01,2.379466472649544073e+01,-2.403478378043448060e+02,9.817335218522561036e+01,5.734542878441047264e+01,-2.048699362231757277e+02,-3.022943625705586612e+01,-6.941922912281052049e+01,2.994151693325471797e+01,-5.345057329556377823e+01,2.804719892941626824e+00,1.268083120901285987e+01,-4.757890125024788475e-01,1.244306336034153304e+01,1.039037278224037131e+01,9.977866462886257892e+00,-1.475791187130909066e+00,8.713955448103547496e+00,2.069659172257412028e+00,4.057687759814456285e+00,2.793059395343393980e+00,5.745303827114465633e+00,4.176985112080224383e+00,2.302067036606288752e+00,-4.543021514535894312e-11
2.871785683272628376e+02,-8.598697041053201247e+03,-9.972984732950026228e+02,3.434665393249233603e+03,1.332670614981302151e+03,-1.497088155858673645e+03,7.150742410501794666e+02,7.978973949243886636e+02,-2.288581979468045574e+03,-5.337061683029520509e+02,-5.472949736356076755e+02,1.078843289518819574e+03,1.321182552587064265e+03,-1.273639789721124998e+03,4.194398794795702088e+02,5.005333593999612276e+02,-4.982386796660713344e+02,-1.875033485329433347e+02,1.373415131179650359e+02,-1.529456402195995679e+02,5.406361508447027120e+00,1.058703779487738984e+03,1.309741186522971248e+03,6.498050575075907318e+02,1.968552193720167338e+02,-1.482427258716312934e+01,1.127240695385291644e+02,9.048711285032727858e+01,1.160493687844136446e+02,-5.879662214447707669e+01,-1.983524815774264738e+01,-4.111849813530267284e+01,-1.524935330084963425e+02,-9.073827599426201118e+01,-1.673726286470060387e+00,-5.340770638374019441e+00,-2.296409461408632779e+01,-6.123789509571860634e+00,-5.919623603506810383e+00,-1.923715456991862283e+01,1.185182973947145157e+01,-2.810141404177161917e+01,-7.301728701858827719e+00,1.179916599882104400e+01,7.440893661814522275e+00,1.644130044476277419e+01,9.747158592862231075e+00,-1.586828750924570919e+01,-8.047564417297309092e+00,-2.242932915436244734e+00,2.586906194528818759e+00,5.936882211754763716e-01,-9.325745417442821150e-01,2.233990631664628523e+00,5.292583320677479719e-02,1.713095796701502138e+00,-4.951210968995312101e-11
-2.701909367483939150e+03,-8.460538183033397218e+03,-2.760786764872972526e+03,2.821479359239151563e+03,-4.126650999711546888e+02,-2.395277270582423625e+03,1.806133374002514302e+03,4.448046175536703117e+01,9.757185511301058796e+02,-1.224990303128272899e+03,-1.097048818742875483e+03,-1.209507703318737640e+03,-1.018289247622917401e+03,1.281342527945029133e+03,2.839210340598729090e+02,-2.646602613116477869e+02,6.095646707198632157e+02,1.919782755622817092e+02,6.848225802034194487e+01,-7.890587811626784287e+01,9.202536540980901236e+00,-1.346979489524296412e+02,-1.015802426238151668e+02,-1.302719263524898281e+02,1.331731013608337832e+02,-3.618652249190359953e+02,6.125303467248339473e+01,-3.294091421026661237e+01,1.222467116987688769e+03,7.050302646911583793e+01,-1.019632676114411680e+02,-7.303935052477999079e+01,-9.822078152192693778e+01,1.529436511768006923e+01,2.759218785463717794e+01,-1.123340150229856249e+01,6.899541702707143287e+00,2.270128222897185921e+01,1.803078671922148146e+01,2.459467177891170664e+01,-2.069336132076636403e+01,4.415990282383269516e+01,1.798408025999668070e+01,-1.627764558916429039e+01,-4.073165092518511443e+01,-2.864807642350531225e+01,-3.330546490604004362e+01,1.644396603394578094e+01,-4.101469715602098631e+01,-8.018773467561865687e+01,-1.838649493586730728e+02,5.814558657731105740e+01,6.619105439892649656e+00,5.942342651949388710e+00,-1.052759832395930317e+01,1.750663807888898305e+00,-8.122495731566203858e-11
-5.606834726153785596e+03,-7.047371806552149792e+03,-3.591159870397458690e+03,-2.379479059036861770e+02,-2.185599361925145786e+03,-9.339469246351021638e+02,-3.487875035427201738e+02,-1.712409169469636254e+03,1.439976247556227918e+03,7.017279455629819722e+02,1.573517731404041115e+03,4.372747259807673004e+02,-2.240614099827684811e+02,-9.130678826651503641e+02,-9.034161158903297064e+02,-2.971888809231940627e+02,-1.241167090456763617e+03,-3.504340038135479176e+02,2.189483808663131015e+01,-2.775074648992117687e+01,9.253753894834275684e-01,-2.140242290667912073e+01,-2.610431304954233767e+01,-1.497729815864439473e+01,4.241909147313593564e+01,-3.183448705783925359e+00,1.427470128047738207e+01,-6.216782925200190491e+00,-4.803660762941182938e+00,2.231245204364728352e+01,3.153360969849875772e+01,-5.681419601371871408e+00,2.043059831577047447e+01,-6.217963704203593522e+01,9.021570218350778703e+01,-1.390155074384360603e+02,-7.990609013645343595e+00,3.988831629915063814e+01,1.603597007689120915e+02,-5.751251386231085689e+02,5.586123248295562007e+02,1.907888138804128744e+02,-6.668828403301610308e+01,-2.528119540547463018e+01,-1.194110815076874133e+01,-3.211436115072183384e+01,-3.478589911603081930e+01,8.888967534669570014e+00,-3.215564385691920535e+01,-2.104974448707503853e+01,-3.646598776917753071e+01,-4.774965929817604149e+01,1.553678405594692080e+01,-1.456034699266437826e+01,1.233059857357098394e+02,-2.826012146106096168e+01,7.221150066794024269e-11
-8.270593170719281261e+03,-4.976334652307949909e+03,-3.169359110364293429e+03,-2.584588673404372003e+03,-1.376149518009888652e+03,9.431736787709123746e+02,-1.607715259560019376e+03,-5.579228339988638936e+02,9.075983727524416622e+00,9.441778390632367746e+02,-4.118277437819108400e+02,2.336658471611489745e+02,6.982399829932096509e+02,-3.135177236908690475e+02,1.051711641679285549e+03,6.244107848716735134e+02,1.807789688057472631e+03,5.018027214792040240e+02,-3.655223511559275380e+02,-1.618247210333746366e+01,2.275961143972324408e+01,-1.131005527152793277e+01,9.860230095701197683e+00,-1.324090946259516954e+01,2.956715589897124730e+01,1.300998337137052907e+01,-1.731298939304238971e+01,-4.921501755634898778e+00,-4.005670329971077592e+01,4.228904695077736875e+01,2.924201504088513559e+01,-2.024335001572339365e+01,1.558759073248061000e+01,-1.100338040871873702e+00,-2.905513127425091824e+00,-3.418339620496712428e+01,-1.354142501785774400e+01,-4.014086763159870941e+01,-2.015381858603430487e+01,-1.348701804771314983e+01,-5.990539060327413345e+00,-4.458308278166184380e+01,3.443011226485055687e+01,6.161470091909264966e+02,-3.700916426321021504e+02,-1.605596399186937902e+02,-5.537566673424582575e+01,-1.365598688770462843e+01,-4.067152408528983187e+01,-3.937562559337655443e+01,-1.649814818700135888e+01,-1.346963860767404810e+02,1.037583147352328723e+02,4.451596016910809794e+01,-4.407545209637540040e+01,-9.050472396179340961e-01,-5.972317085323197716e-11
-9.532348060926622566e+03,-2.303878246820889672e+03,-1.619310832551347175e+03,-3.498226031329136276e+03,1.259001513948518038e+02,2.106042777373163062e+03,-1.057791869012422239e+03,1.027158718700271947e+03,-1.191458816954330814e+03,-3.042175819618213382e+02,-9.877187102067607611e+02,-2.970097185397205521e+02,3.861100419064947005e+02,1.447398724544962533e+03,-6.195806957632164824e+01,-6.493713875896144145e+02,-1.197264923876047078e+03,-4.809179609953130239e+02,7.098225954979143353e+02,-1.625145066493351820e+01,5.878971282881909133e+01,-4.484353199664589340e+01,-1.200676632305947678e+01,-7.605764575705278219e+01,1.173374448313925171e+02,7.048937419500796864e+01,-1.053348343832842815e-01,-2.885916743501514503e+01,-6.561479093653497330e+01,-1.293626437345367997e+01,3.223470305313872473e+02,-9.643311565090727981e+02,-1.993349611322061037e+02,2.196054175183923576e+02,1.700580187111432906e+02,-1.637478770057434474e+01,1.579822208117492153e+02,-7.323463328376391246e+01,-3.663763353127802702e+01,1.405864968085579036e+01,2.284596195040156630e+01,4.046313602611894567e+01,2.318607669669371418e+01,-4.348324125630864501e+01,-5.795423676523151357e+01,-9.978732133276383820e+01,1.769858247501369988e+02,-4.092179507043893238e+01,9.406847407349567902e+01,3.794788113015450648e+01,7.993264922931761163e+00,4.267092411035888233e+01,-1.574462315741980589e+01,6.758836028844648069e-01,2.371913356802428652e+00,7.154178871201551715e+00,-1.158213525087603557e-10
-9.793693014110980585e+03,7.870811783830096147e+02,1.366111470126936183e+03,-2.868457037970498277e+03,1.831908871084727252e+03,1.102265774212246924e+03,1.512634047293536696e+03,1.334307706484326445e+03,2.268823163563014234e+01,-1.189331638646203601e+03,3.238725005062520950e+02,-5.123334286361119894e+02,-9.414728797471416328e+02,-1.025628719150496181e+03,-1.176573748038729718e+03,6.130180819956134428e+02,8.755121636062202128e+01,3.883769890864956551e+02,-1.178411444648041652e+03,1.657807611969840167e+01,-2.230714154688222450e+01,-3.174553421116192453e+01,-1.096830354259430607e+01,-2.958492404387755670e+01,6.644101985586789283e+01,-2.515759576843681700e+01,-5.074909886900225331e+01,5.251104976594216822e+00,-4.263027533248681067e+01,7.539329863127260722e+00,1.016488082423704498e+02,-1.985173312372356236e+02,-4.817675220166617578e+01,-3.976863069401922246e+01,-5.315877371913647949e+02,-7.332783804120028037e+01,-5.383467188760528188e+02,3.012152548077199867e+02,3.571631272145368285e+01,1.487093576205451768e+02,9.263210937926544375e+01,1.487549276754481014e+02,8.123053192755106622e+00,-9.619812624238942789e+00,-1.878647136229353620e+01,-1.328338757449905216e+01,1.596598949913361309e+01,6.290255397696434159e+00,-3.945099983581852854e+01,-8.599808415364060821e+00,-4.184483777014154526e+00,-3.379122902936383355e+01,-1.893502032591927531e+01,3.290154098246691916e+00,5.579466767849903164e+01,2.159808655768915173e+02,1.263283921915103747e-10
-1.277926273983236570e+04,5.217077827092498410e+03,5.747268477362097656e+03,-1.869343671129613540e+03,3.179452683426384283e+03,-6.164313194741636153e+02,2.881932010029724552e+03,-4.121934607067428260e+02,1.502380991308822104e+03,3.661713496010506219e+02,1.459931735069982096e+03,1.746361946753569555e+03,-2.644817632758757782e+02,-3.770160932538636871e+02,1.585030761641312210e+03,-4.497359575424783316e+02,8.606401000530636338e+02,-5.891692681745474829e+02,2.477609176023142027e+03,3.625485872384103203e+01,-3.652488800157698989e+01,-1.365926733562781692e+01,-1.634083635826177172e+01,3.862184686058347438e+01,-7.634643456344707602e+01,1.099873227914154938e+01,3.534689873169703134e+01,-7.083867277078129021e+00,4.252787304386281164e+01,-3.203407013326740582e+01,-2.397440008401149569e+01,-3.575972632865493495e+01,2.163050306580443660e+01,1.600247963558979905e+02,2.874693151114315128e+02,2.896050146560498320e+02,-4.476090711596107781e+02,-1.346017060387654567e+02,3.409575195146954485e+01,-5.643384565726118751e+01,1.869456425673176270e+01,-5.196291176014657509e+01,2.871389868310610893e+01,-1.007866826523846271e+01,-3.273184091875079105e+01,-1.281481388467692994e+00,-8.895536803558599104e-01,1.209752238943660529e+01,-1.200899824338685846e+02,9.523770530898534048e+01,1.826755351748622402e+01,3.037517097606898986e+01,4.854156561890895283e+00,2.199386574546448259e+00,-1.475532192289521127e+01,-7.247817670678283974e+00,6.231992699667898705e-11
-1.009220282930348367e+04,8.838210095949791139e+03,7.172587767715134760e+03,1.274264355117466039e+03,1.150041949839310519e+03,-2.510699337237143482e+03,2.854664049327880448e+01,-2.161746367081987955e+03,8.822836125966131249e+02,1.721594000669002526e+03,-1.417973913407367945e+03,1.123612214782134743e+03,9.887800785110567858e+02,1.645934869125215528e+03,7.673450210432479253e+02,-4.960585438743622149e+02,-1.068352995393938272e+03,2.778637084015026630e+02,-2.468049936484546379e+03,8.975739276701666824e+00,1.016878309227464797e+03,-5.353144813529743260e+02,3.828033682408109257e+02,2.617381995897491720e+02,2.184927852670029580e+01,-6.433592765872973018e+01,-1.397699805539462830e+02,-3.656172145061616874e+01,-2.309596018778709237e+00,1.693007306793096944e+01,1.985518204029248679e+01,-6.012492138367070638e+00,1.094142563621441511e+01,-1.037427775781624995e+01,1.696215255659265608e+01,-5.922293142898872098e+00,-2.069244146091158143e+01,2.319534030057457130e+01,-6.098754454138775927e+00,6.683795331332035516e+00,9.090362529565965133e+00,1.373793967947890771e+00,-6.305335879766914076e+01,8.587165344949898582e+00,5.577335106713615431e+00,7.796721800432262484e+00,-1.107135991909208173e+01,-1.736543453889886734e+01,1.591871992488032816e+01,1.740571541824603941e+00,2.994313641941992898e+00,3.534956007344284501e+00,3.073243602039955391e+00,-1.613531190717026220e+00,-3.656398254180032836e+00,-6.467791458232078128e+00,-4.825517763151765394e-11
-6.363785212788729950e+03,1.109922539755854814e+04,5.196523016036315312e+03,2.858459827722771479e+03,-2.734382968737580086e+03,-2.054568373547967894e+03,-3.148283122284957244e+03,-7.636931201345926183e+02,-9.469575135437162317e+02,1.009793838686619125e+02,-2.591777161832459569e+03,-3.393154607552660877e+02,-1.886044170490255283e+03,-1.352522981220950214e+03,-1.773006803889286402e+03,7.861089895487275498e+02,2.954922671940942109e+02,2.948053831008689940e+02,1.666836721571379258e+03,1.986926280431094085e+02,6.552270087776244054e+02,6.060969962176185390e+02,-6.472698190959356452e+02,2.040318215137414199e+02,4.058555109720466589e+02,6.880033486387479513e+01,3.310376381153565717e+01,3.709972360689874904e-01,2.159616370024081533e+01,-4.450890766084544481e+00,5.179282567039781071e+00,1.268586593812926289e+01,-1.777893072516667416e+01,1.248128271239289688e+01,2.305708298106722509e+01,4.309649354098603169e+00,5.499216980521630660e-01,2.357254429597257328e+01,-9.769744169877785822e+00,1.548224610567208970e+01,1.433211697424761333e+01,3.961103151641638931e+01,-8.732303245507175404e+00,1.769111496131652927e+01,-5.487463610006933123e+01,1.093192576510931247e+02,1.565215027994836205e+01,3.878472687156790499e+00,1.171924478469461839e+01,-1.023026588881601029e+00,4.139699074555835523e+00,5.962444079670120800e+00,-2.576602534014661217e+00,1.956029587724074759e+00,-8.006565325192767091e-01,-7.656457736617028331e-02,-2.440819768523283528e-11
-1.621220654038275825e+03,1.252691808704928917e+04,-3.791412189475427112e+02,4.680780024662944925e+03,-4.244762643578753341e+03,9.635350257793509172e+02,-1.679694349420653225e+03,2.743883860415536674e+03,1.687365548796313419e+02,-1.949181823954901120e+03,1.187904754471459000e+03,1.907884682145015859e+03,-1.701459124216642977e+03,-2.011455339925199439e+02,1.891664265291305583e+03,-8.963759819722313296e+02,1.785611345068417108e+02,-1.478300538496366471e+03,-1.065064493401107939e+03,2.057686204896393178e+02,2.587380524077508426e+02,3.154277190142832978e+02,3.270679723100710135e+02,-9.952124462255524122e+02,1.039071266458649916e+02,-5.127600200784867468e+01,-8.736898948741999504e+01,-9.815005240141412912e+01,-2.115918839534118590e+01,-8.857661559220071013e+01,-1.476670843916202003e+01,1.500431774408534835e+01,9.539767557479699178e+00,-1.245331340024523570e+01,-5.216772800074854999e+00,7.814603444185152625e+00,-5.863217013395090049e+00,-1.458297543551972097e+01,1.280968317403447188e+00,5.267296332733977238e-01,1.434982354022248074e+01,1.231837523256160871e+01,2.377225317631456392e+01,2.625009711383352595e+01,3.183228187695093681e+01,1.462907883157786770e+01,2.423184133930496031e-01,4.315669691249105711e+00,5.204620604384343707e+00,7.464558143683539981e+00,5.833648560656641280e-01,3.441248758805311780e+00,2.042312225636088385e+00,1.640631446740741239e+00,-2.543472341466500808e+00,-1.681509649118589245e+00,-3.920974100957153041e-10
2.411289717925770219e+03,1.327683980060665999e+04,-4.063237145861882254e+03,4.591301935588831839e+03,-1.456754371802565856e+03,2.948918090093353385e+03,2.212450211195170141e+03,1.452175101564855140e+03,1.692140368576986930e+03,9.265776491572102032e+02,-4.480235616807785846e+02,1.582735150341208737e+03,8.805451770605587853e+02,6.508908059969068063e+02,-4.012002822174699759e+02,9.483229851150275636e+02,-8.692327660929578315e+02,2.671395010811981138e+03,7.469328383287269162e+02,1.399598420694692322e+02,1.767541444966762043e+01,7.249746193507093039e+00,5.737972705745600166e+01,-1.765933956681506629e+02,-1.591693373245878007e+01,3.766878979308840059e+01,3.848406614256914082e+01,7.813392075916359545e+02,5.897767767840270636e+01,4.135714052566547707e+02,2.244991061072458081e+02,1.168403615038202581e+01,6.107058381203151498e+01,-4.461460635704939648e+01,2.332471967181595573e+01,3.802565863295740201e+00,-4.175097858271911377e+00,1.131128217862035612e+01,-2.294863212024171872e+00,1.903483930380127020e+01,3.554656100938522911e+01,-2.883244657418242696e+01,2.002943483150420434e+01,1.161701941171710040e+01,1.800026219336709232e+01,1.758395122367024754e+01,-8.314434934638335051e-01,-2.442667966626927978e-01,7.892010030006709087e+00,3.775767596973897966e+00,1.101367676318883326e+00,4.763338303153066278e+00,-1.864784320885028990e-01,-1.326421729599584154e+00,-2.862372950572108721e+00,-2.173367369084219902e+00,-9.467684969344247747e-11
5.548100616282038573e+03,1.198783190210985413e+04,-5.389480886420586103e+03,2.608441264085774492e+03,2.110476955870924030e+03,2.307998648931448770e+03,2.393304245554661975e+03,-1.121917883247081363e+03,1.976503616646347155e+02,2.282705520821878963e+03,-2.042214867596109571e+03,-1.631569172097176477e+02,-2.232111297754079260e+01,-6.076769365546891777e+02,-1.161841739961007761e+03,-4.979444746997613152e+02,9.662032576088473661e+02,-2.620030139045878968e+03,-3.672886908306521718e+02,2.236865384911777710e+01,-7.111098773786666527e+01,7.921736967972692867e+01,-6.751460559698148955e+00,5.517441622980374660e+01,-7.567106673309007192e+01,3.544790779385608914e+01,6.794131715664045146e+01,-8.859306669197775364e+01,9.042247415296003510e+01,6.098039966675276702e+00,-2.067849767125337834e+01,-2.593113033077850105e+02,5.531372008787343475e+02,-4.053455005574147094e+02,1.603336928607512846e+01,-4.743573611452447381e+00,-3.295265740441225688e+01,-5.197934388968376140e+01,-2.345734761222406917e+01,-8.838690328050944345e+00,-3.566356773983613238e+01,8.295350535038545914e+00,-2.052923883157303209e+01,-5.453675284467003337e-01,-3.017335230744798480e+00,1.422141944736409869e+01,3.114875370901060592e+00,8.094826655941972149e+00,5.810827348112159285e+00,4.435488416971633541e+00,4.914904066932285431e+00,-1.586247711021326978e+01,-2.257544220499565313e+01,1.509829713270196194e+01,-8.304402745263288921e+00,-2.287746484380400958e+00,-3.711414509055543931e-11
9.331116642982362464e+03,9.722739071866279119e+03,-5.062976903534272424e+03,-1.837586399405344764e+03,4.421233027867330748e+03,-1.320506892513143384e+02,-1.317251934412966648e+03,-2.539036175595947498e+03,-1.553689710003844539e+03,-9.659623140870772318e+01,-5.227471315591365908e+01,-1.596184831220015781e+02,-2.815153348248885322e+03,-8.584569542923370591e+02,1.890704585414643134e+03,-8.603138811057187922e+02,-9.339702634272025534e+02,1.503659645997055577e+03,-2.152051908742107145e+01,2.468039463323563609e+00,-6.467255405359826170e+01,5.505996322514850760e+01,1.027650779963564247e+02,-1.103050350570997118e+01,-1.216066367061535232e+02,2.646770179803733072e+02,1.360376291590352764e+02,-5.036616924967624414e+02,5.850129844481389085e+01,6.881464434697047636e+02,1.277464469023435498e+02,2.832420743697636922e+01,-6.623622875826595191e+01,-8.409745860330275491e-02,-2.867046472766703857e+01,1.141297638339794673e+01,-8.446459959801053685e-01,1.502770550745060341e+01,2.318556193849971692e+01,-5.412296120108957886e+00,-4.919177653946462669e+00,-5.435111169340437698e+00,-2.344945486627899811e+00,7.873210664137531012e-01,4.101950325695980837e+00,-1.481842207896795038e+01,-1.770754423519097287e+01,6.332308371236925382e+01,1.858891436872561087e+01,9.226854933968859029e+00,1.028228209783439162e+01,8.998819608362399691e+00,-1.453434679129514961e-01,1.737736542535803785e+00,-3.810417280130032225e+00,-3.272869943320571906e+00,1.501956337079946024e-10
1.274611645847550244e+04,6.065490794005528187e+03,-3.036776264129076026e+03,-4.752298047339563709e+03,2.837541111618645573e+03,-2.907627563574250416e+03,-2.270331094036134346e+03,1.007360889557616730e+02,1.552991551740718933e+03,-1.975054978678106409e+03,-4.777439338819225156e+01,2.779754800407090897e+03,4.274031162706656346e+02,1.546260604877157675e+03,-1.238038879359583461e+03,1.670529058522514333e+03,3.890368500405927534e+02,-7.752059362443187638e+02,9.662317416553051430e+01,8.557370051791073706e+01,7.484176030249596323e-01,-3.066628979670887034e+01,-3.903409616436245244e+01,4.120469957164792163e+01,3.998521966681839501e+01,-6.688464112373710577e+02,5.398797973192382642e+02,-6.267986200569049515e+01,-1.670289510509671231e+02,7.586459344681432526e+01,7.753952789815016899e+01,-2.983445728950235321e+01,2.345075255537655323e+01,7.877572041196643227e+01,-6.246914906728714101e+01,-7.003783452822818845e+01,-4.330021649281903251e+00,2.517852822616807273e+01,1.580782631240267619e+02,-1.159018726145785081e+02,-1.223083994487403316e+02,-5.045440572804602652e+01,1.604138678269843510e+01,4.186592064951945247e+01,4.851531208315637400e+01,1.868383451832412945e+01,6.224954714096924135e+00,3.034394594325465988e+00,1.053104703686862109e+01,9.700395837676136779e+00,6.572215140918260090e+00,9.193292907239502654e+00,1.223814711555554879e+00,3.364941816383216988e+00,-4.333644393660518901e+00,-1.923382348203851677e+00,1.274660377248437726e-10
1.436464838364496245e+04,1.011853627597250579e+03,1.306011263009897448e+03,-6.527979051334913493e+03,-1.484565188757620035e+03,-2.962225035045351433e+03,2.835970950808190878e+02,3.687497514315321496e+03,1.869057800992324701e+03,1.713636561041190134e+03,-1.717090637163718839e+03,-1.861541106831903107e+02,4.854028226132558075e+02,-1.658229866387134280e+03,3.800922393870934002e+02,-1.943802177573101289e+03,-2.052986129115631684e+02,4.465437351496660767e+02,-1.240694218922578074e+01,1.885761668031776139e+02,-3.898974100489078864e+02,-3.916883682583419954e+02,1.548191468835011904e+02,3.112737677877031217e+01,9.907978582326979904e+02,9.301586739235537493e+01,6.804434381984943059e+01,-2.569316005826900806e+01,-3.316540923133798202e+01,-2.281421640218919578e+00,-2.635936876840136023e+01,3.457576376020830367e+01,7.545955080416288041e+00,-2.077522382755292085e+01,6.966979024871367443e+00,-3.055122560863669179e+00,-3.473178964717837935e+00,-2.238375182392723417e+01,-1.090399993504431109e+01,1.151725422132411936e+01,2.093824960567581606e+00,-6.737313801704494232e+00,-1.548410067108105181e+01,-9.092430267299178581e-02,4.533811908398668322e+00,1.199468228037563478e-01,-7.716655968491323847e-01,-7.933922165267528470e-01,-3.295428355625169559e+00,-1.016801543312066514e+00,6.863031799077177197e+00,1.400198392399428116e+00,8.713040274343519798e-01,1.796746234923331187e+00,-7.100838770993291860e-01,-2.212786818699186142e-01,-1.033203522737835556e-10
1.352121237422741251e+04,-3.013627778887326713e+03,3.562313845600111563e+03,-4.710662935105083307e+03,-4.758969074093931340e+03,4.338461118022260052e+02,3.413226109251775597e+03,-8.484139607061947572e+02,-2.259028262577985970e+03,1.439795296607175942e+03,1.573270787345234680e+02,8.087707307073785614e+02,-2.115993969112597824e+03,1.092569561415833732e+03,6.306805607625044559e+02,1.910269820960418429e+03,-3.797809917670105051e+02,-5.329653434623692192e+02,-3.070032756095350379e+01,-3.928392074766136233e+01,-2.600325958261913115e+02,1.034981822890495096e+02,-1.058897343249014611e+01,1.616830909187095244e+02,1.342029290029947504e+02,-4.619875894027600225e+02,-7.514975164905887368e+02,-1.034456095403872098e+02,-6.880795929672565592e+01,1.788847634199931065e+02,1.428098219285335517e+02,-3.439014711166006322e-01,2.859936033950031486e+01,2.124159342098060677e+00,2.495387233162605156e+01,3.173854583180393263e+00,1.104356057164562088e+01,-6.442267439118097627e+00,5.179843633102365175e+00,-6.607825903918104871e+00,5.019270363373575350e+00,-1.887820064025957478e+00,-2.174065019118047104e+01,2.246852693760073905e+00,3.947307461593339895e+00,-5.711934865778989234e-01,1.235538786432053371e+01,-8.633138233523723670e+00,-1.648641076424720353e+01,-4.195006691421787082e+01,2.496603528956853779e+01,2.099689531855768010e+01,6.333728407335039279e+00,3.071579395497451515e+00,-5.895800728024696902e+00,-3.195704374453839591e+00,-8.921618999124802940e-11
1.225946948492040065e+04,-7.489986499513981471e+03,5.082808180558306958e+03,-4.901066522907522085e+02,-1.556794875619362529e+03,3.878393569097609088e+03,6.139222811758435228e+02,-3.157990424022294519e+03,4.735325088093323984e+02,-2.826830262427024081e+03,-1.315628356062290550e+03,1.776122606596411515e+03,6.716913363608720147e+02,-5.134281392905089660e+02,-7.620524082489428110e+02,-1.842305859944509393e+03,6.806473057691633812e+02,5.634380326849246785e+02,-3.222715074149105874e+01,1.017773720966244611e+02,-8.317514250617431060e+01,-1.902532786310452195e+00,9.659755046594650452e+00,5.218496907135804719e+01,-5.732081386181675953e+01,9.569554259000457819e+01,5.172984418462860390e+01,-1.132577302264097625e+02,1.564925572527061775e+02,-3.288616359774731563e+02,6.935705740430934156e+02,1.687406852767615533e+02,1.336822173479198028e+01,-1.420881364153151694e+01,-5.457769771138529791e+00,-2.707890850264699978e+01,-5.566706739680313376e+00,1.945927703549515542e+01,-6.019343572235694495e+00,-3.288247920934381341e+00,-8.751949866536556044e+00,1.519719106419206156e+01,3.504913567961944665e+01,-3.329175699193740456e+01,-4.794687237668871660e+01,-4.395987257071428189e+01,-1.046199192487005263e+02,-7.294258752742592833e+01,6.076950694602328440e+01,2.299766563249251305e+01,2.083181315455169269e+01,2.193230414319162236e+01,2.959805691954889184e+00,1.758355819467894321e+00,-5.416646506786385373e+00,-4.991187317859420602e+00,9.806466749751052703e-11
9.208181012697172264e+03,-1.107967684899475535e+04,4.584527323227880515e+03,2.883805618807053179e+03,2.521788693136643360e+03,3.300925642097849959e+03,-2.211193165970321388e+03,5.791785909861882828e+02,3.474840000973505084e+03,5.449893469838934834e+02,-1.047670108580134865e+03,-1.112502793348616024e+03,-8.294603641647870518e+02,-5.118192168797924069e+02,1.460851066111943283e+03,1.704765088818526692e+03,-1.123407646478066454e+03,-7.573815618571813957e+02,1.170244227599538362e+02,-4.747565590883565534e+01,-4.072325025448080993e+01,4.615469975693617499e+00,2.175039094800133910e+00,1.389223991046361917e+01,-4.150126614733801489e+01,-1.613839472815346809e+01,2.824905394698600958e+01,-1.237369775209245404e+00,2.277409850294622373e+01,-2.554287873324609137e+01,-2.420851265070509228e+01,-3.840851991246130837e+01,-9.196642616780357216e+00,8.491830365742777076e+01,-3.043327457243584178e+01,-1.281023353818899579e+01,-4.193875760435150823e+01,2.025405118672985338e+02,-4.817893344369701367e+02,-2.481455252039633024e+02,-7.411991030089237142e+01,-8.377093702643661288e+01,4.290955688007426971e+01,1.784287620012336717e+01,3.770474424873834352e+01,3.472625827968684575e+00,-1.801401657554423608e+01,-7.407357838710215248e+00,-5.353636421008765467e+00,-1.472916083552895117e+01,-1.197436239586727247e+01,-3.100963910932084033e+01,-1.104057563276395726e+01,-1.068581688678763868e+02,-2.366693802660341817e+01,-4.905441973529207189e+00,2.960126588291700500e-11
5.115898009925650513e+03,-1.216223876894136629e+04,2.607105782732987791e+03,4.006949377003338213e+03,2.868594542686761542e+03,6.275993150743365732e+02,-1.863606193917903511e+03,1.963685530282946729e+03,-9.696595900650927433e+02,2.782950536142931924e+03,1.441299762803801059e+03,1.752198232420256318e+03,-1.913777335122694012e+03,1.447628189527853465e+03,-1.739781061568987298e+03,-1.361235934385003929e+03,1.220745050938912300e+03,7.054600662754767200e+02,-1.233020344098310517e+02,-1.365477720037744348e+03,4.492379572175650537e+01,5.523986576846461105e+01,-7.902798319026111074e+01,-9.694492730917298218e+01,1.221326381411974324e+02,9.995380083495266632e-01,-8.481156288451090930e+00,3.233174990565806439e+01,-4.491176368250330597e+01,-8.136595119656101716e+00,3.583191291987265714e+01,6.542960542582992645e+00,7.209604644118709160e+00,-3.860525627269680626e+00,-6.251435360419591092e+01,4.333079060226747004e+01,4.769006283353927955e+00,-4.038014395994416361e+01,3.651395804388375410e+00,-1.809641234536492505e+01,6.061919104595354213e+00,-1.052443919114780968e+01,6.414749380048228034e+00,1.999984240723851059e-01,8.334643564797561410e-01,3.535228542609658575e+00,1.568793682242134224e+00,7.301489917260681750e-01,1.777652487908376600e+00,4.247962431444097575e+00,-5.846980426022245325e+00,4.347210267628149438e+00,-1.353688696691637716e+00,-1.702258291894782616e+00,-1.114691733040388044e+00,-9.297895945948653207e-03,5.432343463951383455e-11
2.474214173576419853e+02,-1.338861992370508233e+04,-1.235062676971513383e+03,5.203985238765718350e+03,2.097070656099932421e+03,-2.199744629846312819e+03,1.226803013564747516e+03,1.137387212602466889e+03,-3.173829598180436733e+03,-4.926704299995279257e+02,-1.645834678596405638e+03,2.587753550072205144e+03,1.470920453794288733e+03,-2.115087515603334850e+03,9.029683898969802840e+02,7.935921422891125303e+02,-9.722977431600260161e+02,-3.198162358127792118e+02,-5.302002506218255462e+01,-1.251688379079275393e+01,-1.672650751639554301e+01,-6.930473867032221733e+02,-8.413905169038375789e+02,-3.547851181098588427e+02,-1.549755238187359794e+02,1.499679126307527710e+01,-7.779483460067828560e+01,-3.498936605036580261e+01,-9.490710543758612516e+01,8.334690906419368162e+00,-1.208814865603795141e+00,-1.050733938688646063e+01,-1.510320078892221716e+02,-1.838568105897333567e+02,1.025740563749772605e+01,7.420436398564106639e+00,-9.410139018177602566e+00,-2.010082591575461919e+01,1.307687598621039271e+01,-1.126291084922694097e+01,-1.489226926734897205e+01,-2.084476749438860566e+01,1.357802901375648474e+01,4.719702466095739624e+00,3.497238241462218511e+00,2.606826328011273120e+00,-1.214698457677432231e-01,-4.959394284361394512e+00,4.294330095746831333e+00,5.264528127415598391e+00,-6.585997834631172054e-01,4.260843187329342641e+00,1.777207075195967434e+00,4.865146673000197097e+00,-1.864053472139776346e+00,-2.169994054708709541e+00,1.027918999918497889e-10
-3.978281273876470095e+03,-1.278374267155670532e+04,-4.229891298630541314e+03,3.928901764007418933e+03,-4.882986029495211824e+02,-3.473338713654340609e+03,2.848034682352257732e+03,-1.334231980647196991e+01,1.961024682656105142e+03,-1.706556330543798822e+03,-2.328402351080755579e+03,-8.940911053017382528e+02,-2.226897833030098809e+03,1.925935513647141761e+03,4.326838726930907342e+02,-5.173026640523708011e+02,7.962000672766930620e+02,3.110521293725806231e+02,2.100698975352295008e+02,1.683878058488811575e+02,-5.977134491164372321e+01,9.291597519296729502e+01,9.701250702027252260e+01,8.938305238367313166e+01,-1.318029129950866434e+02,2.654430409559243458e+02,-2.742364965312070524e+01,3.416160122589914749e+01,-8.738752469717503573e+02,-6.527317310468394851e+01,3.652122689270933620e+01,2.931130608501763390e+01,4.906677341835018780e+01,-1.363590381791489214e+01,-8.132600473459955737e+00,3.484435133713645882e+00,1.963486900085101183e+00,5.505005258954106750e+00,-7.366714239121506580e+00,-3.080673340187747300e-01,1.285893171126210532e+01,-4.100646139156660652e+00,-1.167718589056501344e+01,-3.213691915275145305e+00,7.935062457067383335e-01,-6.655453831850724811e+00,-4.938723594884811163e+00,4.928899072042280949e+00,-1.026862176380652691e+00,-1.642820435737230156e+01,-6.341145698304369915e+01,3.383928399763237849e+01,1.423781721634803432e+00,7.966174641885483965e+00,-8.305182229803648397e+00,-2.424950679753720806e+00,9.618983387582602518e-11
-8.413194926971546010e+03,-1.062696476225639344e+04,-5.302231499165964124e+03,-5.165642468575513249e+02,-3.154163515936052136e+03,-1.278699370854802510e+03,-3.921465201693011977e+02,-2.547655014473435585e+03,2.520691220529116436e+03,1.255503463688440661e+03,1.782430403146863682e+03,1.520847608461470600e+03,-9.551354391962174759e+02,-1.469865380491971791e+03,-1.308118293637156285e+03,-4.517391907905197854e+02,-2.019137118350861556e+03,-5.260656632173981961e+02,4.963347848369879500e+01,-1.108813798863654299e+01,-2.934748335626070315e+01,1.533707691658535310e+01,3.007645001550755381e+01,3.407289798280002913e+01,-6.076057914019421702e+01,-1.629711235773945077e+01,7.501959472871778445e+00,1.347716024664120305e+01,2.316658832528164425e+01,-3.809877907748035142e+01,-3.261054174269463601e+01,-1.879434109086341920e+01,-1.975653222556655919e+01,6.379220615799755478e+01,-5.894724053243345452e+01,9.631997631250992242e+01,-1.903405950108705724e+00,-3.063816364208375553e+00,-1.078730764194369556e+02,4.140266145376584745e+02,-3.819841722987910089e+02,-1.065043910549230191e+02,4.246895849183878369e+01,1.552683116551571985e+01,-2.408261364994999099e+00,2.062132926510400921e+00,2.569718891484762224e+01,-9.912046044795548738e+00,3.624565804859987139e+00,4.284441898463541065e+00,3.287866255120537318e+00,-1.731787882092056918e+01,-6.064368237941835105e-01,1.079891736750354880e+01,7.512550108348672495e+01,-3.134125222814049394e+01,7.325480499975611792e-11
-1.242178509189452416e+04,-7.485886802312577856e+03,-4.653550906272405882e+03,-4.085569183089588478e+03,-1.962252273007669373e+03,1.580652354587898571e+03,-2.341779002640659655e+03,-8.094097794416306897e+02,3.462598776123116977e+02,1.680306330316552248e+03,-1.252628252074266811e+03,1.189286138560684094e+03,4.514845281028901240e+02,-5.947869617901154697e+02,1.705662296985928378e+03,9.557705900048755439e+02,2.720713927256080297e+03,7.740278618032988334e+02,-5.985529848702650497e+02,4.838247735660215199e+01,-2.639899410199782892e+01,3.997275684179893318e+01,-4.845317476566364689e+00,4.496534671447996345e+01,-5.042276238561310464e+01,1.951413267541733276e+00,2.072205934171351061e+01,-1.021563689772520434e+00,3.545962847724108258e+01,-3.863790699332329837e+01,-3.414938710329884231e+01,7.031911599384121025e+00,-1.844915861622551745e+01,2.545266345915108275e+01,-1.129723631768075975e+01,3.269780612246150042e+01,1.650540292916283391e+01,4.792272677309810547e+01,1.163540956231550183e+01,1.838728519465417932e+01,8.942457242014150154e+00,5.111966037724121747e+01,-1.853874409166454740e+01,-4.510653017278738730e+02,2.351693375996592863e+02,8.626631927255709797e+01,6.019507763099055353e+01,2.716155480189248905e+00,2.673142450790223634e+01,2.827555110616062706e+01,-7.613590492903178131e+00,-3.529137919858845862e+01,5.194509551810792658e+01,2.348953928657998347e+01,-1.549443992993653119e+01,-8.135416450822777534e+00,1.824917994497354812e-11
-1.428660302633997162e+04,-3.515811119423637138e+03,-2.254186093698658624e+03,-5.503902629794678433e+03,2.498888796530682441e+02,3.352799543297002856e+03,-1.407798422923284306e+03,1.563615406623156105e+03,-1.620622160952931154e+03,-2.324840454806303569e+02,-2.206887632587836833e+03,4.130210843690416596e+02,-2.394448051299776381e+01,2.067178466615335765e+03,-3.882009759514519942e+01,-1.080609974219056539e+03,-1.970523598869629723e+03,-7.743396617441500211e+02,1.176541271833431210e+03,1.059476531285751477e+01,-1.424906944680178000e+01,4.395439798150729160e+00,2.113422623639846876e+01,6.477378031861822194e+01,-1.186006896119449436e+02,-6.986340086368966240e+01,4.608851017571687692e+00,2.289122825550223084e+01,7.971927105037309502e+01,-8.166490898891243688e+00,-2.536595969351668316e+02,6.825409268609744231e+02,1.422827636068408879e+02,-1.337277658440274877e+02,-1.051918553642093173e+02,6.850324034166902720e+00,-1.033590821315865895e+02,7.934171859627799961e+01,1.787187323838860920e+01,-7.087610084186451331e+00,1.316917937336749134e+01,8.328398991077119007e+00,-1.448868533039296835e+01,2.289506276292082276e+01,-5.049672006746587449e+00,-3.660019644629123547e+01,6.373138074881553905e+01,-1.688328584952061107e+01,1.632659109511875073e+01,1.672887250036978202e+01,-6.452300156951164212e+00,1.921353816170204620e+00,-3.241078485086227090e+00,1.903706833297164280e+00,-7.003798182678496076e+00,-5.762352822047373202e+00,7.929501499859270552e-11
-1.470635882061113443e+04,1.175850549125646694e+03,2.182212762239833864e+03,-4.480264046098642211e+03,2.882769398964626816e+03,1.818547621685497688e+03,2.384249887064137056e+03,2.004521223695488970e+03,3.518747902829171608e+02,-1.624057596390022127e+03,-1.183780936962276940e+02,1.051383397232763173e+02,-2.037861253250896425e+03,-1.693902971424053703e+03,-1.779563270543530507e+03,8.813258279345393476e+02,3.201244008654688145e+01,5.882072924171253590e+02,-1.849318222227715751e+03,3.797249812303995498e+00,-5.201697190766937240e+01,1.740078964252930405e+01,3.045859529554870093e+01,4.178288541758577423e+01,-7.359646567175977339e+01,2.431384445951872664e+01,3.633165225590307301e+01,-7.996014039679977259e-02,4.029348539860602330e+01,-2.734024793156498845e+01,-1.044051081510444305e+02,1.560097436640368471e+02,3.915338421867518548e+01,4.181339228588923618e+01,4.265886878182164423e+02,5.640524063627960061e+01,4.306533688990786573e+02,-2.160967923168925893e+02,-2.414455721134203969e+01,-1.068858191956735908e+02,-6.449115213472805408e+01,-1.089246732948070644e+02,-1.102806733683298646e+01,5.588228881674652371e+00,2.972998335529450475e+00,-9.762040396875043768e+00,-1.030335670804991821e+01,-2.197071202731414985e+00,1.061039671461199418e+01,1.085202992228952823e+01,3.527236264047822090e+00,6.760492285068358420e+00,1.610950832694489065e+01,2.007735160217073656e+00,2.493002881449937647e+00,4.488644971127840222e+00,2.875832905147035490e-11
