-18.48195329873081,38.35374703309661,58.70872577540437
-33.75077494325058,45.21195764188951,55.8635505837777
-12.238367296735964,45.9884606615119,62.37578372518799
-23.551490145834812,46.43602907493291,31.787652222497965
-16.178113778464915,43.47581392061282,59.6725099218544
-44.20638835050305,46.82565288811274,63.48569487944178
-25.307035950668503,51.74746651974335,72.33097269077878
-4.9611668966104245,47.19928437001495,63.095107458901765
-5.834064994989983,30.954886082413903,49.24628522513499
-26.29123854313009,40.7912803937487,49.64171233105813
-6.873570054551122,52.14457824064473,64.31046626515153
-43.4341368307023,56.375612518280526,70.27313907039071
-10.090505904797912,58.58307869377096,50.701226812198406
-15.843581217957007,37.06152241248316,51.619403323268855
2.6848041485294045,13.258094612669332,38.63816190717041
-16.491173719266094,41.029882072135905,61.43993536545738
-20.85026722944338,33.354136139623016,60.202669545309895
-18.168081745372508,47.52098027598656,47.33393133214523
-34.60297141573365,48.49702328609894,56.05872026637985
-24.103760370351345,37.1532449883092,64.43419970002213
-20.886888041636492,46.23397406926444,35.9980207815113
-32.645134509048304,46.70608396856538,36.914576846656985
-20.86710468523039,56.197755993775175,55.11841605893029
-5.94049620428845,46.56731121516713,34.624648373192855
-20.342058095749753,45.66789699123883,63.02335356825971
-11.934660812438821,52.37209584533315,48.33795801580491
-25.885636016464595,47.505150541522575,57.064504101559635
-9.946733935578347,59.62408958734519,41.93131041877019
-23.46826456219575,58.037630626643,56.397181967202016
-32.50816602679819,50.917083039004396,47.282126185722845
-20.712551099406905,47.941323803263344,65.70823046710541
-23.900450177531482,46.798000842835144,49.664771580129205
-33.05164575254113,43.567340488963964,57.03135782760305
-12.928457805944284,36.47323598945032,55.03850392205827
-20.26083820597939,46.6326076404367,67.32229235893097
-22.664354925771278,43.89594645261437,48.16188773443414
-16.19134624823724,36.464745649313784,54.28431220973697
-15.346246508308417,42.71558572540452,52.01723094327829
-25.13272574311266,48.834422186797795,65.14240261637974
-29.973951151530816,48.98411422827543,54.56989906791415
-29.990105191111436,43.10793937473125,64.75618883471068
-6.1836004438300485,26.913054109650915,39.77481869856895
-21.691772539437995,38.45297177767445,51.227229736772934
-30.539696614406743,43.37509117514211,67.92804205144051
-25.548365535392207,60.43000657441269,55.99769656262698
-5.891407726411462,46.109617276362414,48.63202153183909
-12.443609260654618,23.004977598512887,47.589732544237464
-35.197468244036074,44.119974657848545,50.68804433508961
-8.746202764462875,35.078669257036836,55.41292857314284
-41.66646764399056,55.61543382754008,51.33636079503711
-18.028236710498007,39.05480305020998,67.39637352902794
-32.53570014783907,45.363337998926646,56.72031555288487
-31.178140999680775,40.19720953717482,41.628831098244035
-16.956988411555553,50.25151752935516,64.35855771301964
-28.314882537516894,55.797154154591226,42.840287762945124
-27.571915261266565,50.47137012415361,47.24751886457202
-18.17568893011922,34.80064291301799,57.76342755824563
-27.3833367799876,56.156283511201664,56.33879301297836
-8.645160052154015,33.53644672115083,49.56282687022486
-36.60528275232074,60.27051483285651,73.51752132055685
-20.63461356626978,60.594089045428305,62.18543967605497
-25.60643759942453,41.21841659288445,59.783360837568864
-29.289512327648097,50.272660311703206,65.95803216026081
-11.501748419464485,49.72927437382849,71.00639270412756
-11.13593469089415,34.33212541185747,38.950923606180424
-20.73978150120372,32.69105581029857,46.856052576464776
-15.601251833611578,44.08365245112367,65.69812343570376
-16.739170434475753,46.66293722622111,56.730171488317964
-13.996606023810063,39.34171748771258,54.952753237184965
-21.317560857241098,42.532856593827916,62.97656063158733
-15.267723326094583,36.15430672643888,60.20604063277658
-28.0443792525454,46.604689809117666,70.45441553024835
-24.318965555642595,35.4702060855823,49.78646089624489
-13.564451487481678,28.653736470404862,53.47317076666149
-24.69348236949776,34.95600070112528,78.76642498279966
-11.631606546967452,32.730423842395,64.21463667193518
-26.611682750756163,39.362916795098364,49.09627079881693
-18.984170494238448,32.52133649066423,60.06858091492749
-25.220119234186537,38.73132731959066,54.73521527638489
-35.07556456370359,39.87596952839869,57.6865062578682
-40.16526044147502,50.228526944292625,59.02575944223627
-15.155808634720918,40.73036984051097,53.957721010358156
-7.323893672420031,34.69907119541973,68.67725732745127
-35.47917256735573,44.18090867534782,64.11183081054345
2.1281511783095954,27.811886015820836,34.09167954780681
-8.348385724399503,46.86562744682834,66.00682464548514
3.2353544687494895,21.806048909306945,38.1716453296001
-18.381357792621458,45.427603396313145,64.94474490864062
-20.16259674478915,40.75238702392895,52.04429411148094
-17.78393580072514,43.00333329144639,64.17535986779231
-32.29291321708195,45.871539878705164,65.47835963230595
-16.724046616924717,27.795747531755907,49.39395021278839
-24.155258129077342,65.36478709075445,76.86640058177777
-12.119305949615091,34.379255218525984,37.95319815688024
-36.999474918604605,46.54147553450001,62.01601243774806
-42.17382380383357,43.87784017539573,53.0373126258547
-6.182357590739332,34.05446691776272,60.45147501591578
-5.031247500868997,27.133121530463292,45.180775283341895
-35.21334190475882,32.598565827585844,48.11748343946203
-29.65274822001506,37.58195544066702,64.50754946820551
-20.560644591817866,47.93923693152182,47.48310022827747
-25.02336536397078,43.50465899068168,51.25449571850797
-33.54695404024883,36.453414771963345,65.28454711892856
-19.695440624386784,55.6320992985805,29.821408306002606
-21.2612187795439,42.36204921042518,63.74658933132352
-4.37558607222264,24.60063244346915,52.778325360872
-26.267079313406807,34.557000848527565,61.40319766228767
-15.875253992753901,39.37111020406614,57.37535771340293
-28.942994401116636,35.506484360907976,56.49906770580255
-34.290496363036404,56.7388818536773,73.55088530479918
-18.559784393712363,37.13130758471598,41.879697965482265
-15.682695950128883,35.787645028087006,68.8344453649976
-19.35328161620276,34.23107488193278,53.479813032019095
-20.659812880642427,38.11694497467589,44.719267392574096
-25.517393156418212,48.033827463040254,65.0091406849746
-12.614692337761879,34.87697690079807,66.33295333928938
-31.734432122380834,37.804582975149906,68.48715325735061
-8.537179461663564,25.855321749257083,38.705331409801
-27.387330723058213,35.37498783203827,69.88756765088506
-30.593510468814923,47.13413749847459,65.67939188425402
-16.778416992631687,36.31488449939334,68.02361959093638
-12.5374295075029,45.991716592909846,68.04460181824041
-13.554817640901613,51.1294338224809,42.631343901962914
0.5529308743353742,12.421172894358929,45.78155300692093
-30.85964823455701,42.9762730222437,47.71192375549788
-24.371748982948436,39.4259272291826,55.20711013012857
-20.133002421551925,41.137717973488456,51.805899840776135
-24.674306540334925,44.47717758229249,61.483713089238194
-25.414873297404004,42.160293156657445,59.20120925703289
-14.005762125595007,44.29834179184902,56.774062162174
-37.16115384228298,41.420210713561595,56.3371887110194
-25.611505530312876,52.50975808957052,48.11431033727956
-13.181272002420819,36.08030154867832,56.417363879919684
-15.752156707022639,30.332685646572763,65.63533645303009
-27.974867413079988,48.84924944570888,56.90310046882515
-24.959810181586267,44.79077212661366,45.628851661852266
-22.193724529408467,46.407385822289896,74.39430373446397
-6.864801418479839,40.46649631856685,58.9115011689549
-9.884036158085419,38.9332198388692,51.90077497185407
-14.121663258231683,46.93762164543571,52.47619691300368
-30.60714613128567,46.66618930813099,64.80435024130261
-13.746392941208201,39.55503018895482,58.96540261550042
-26.006589517956463,40.1620427171973,66.61355454257017
-35.87364635758826,37.905246121480914,58.06847666267716
-25.74975499063598,38.53909682802432,56.76069491165046
-39.08316472712695,24.692630209922378,62.33035906797003
-24.104546821269242,40.97548020952135,69.99036855891215
-35.999019808881464,46.917140573286744,52.2564787484267
-9.64427074659743,27.014710939030284,46.97053239463751
-16.214106995058856,35.95917811645395,53.75887222262363
-28.10473140977529,31.98466166480987,56.045397898142994
-29.639828763278047,43.47289043620484,63.93042704224009
-19.08567387175407,40.55058515800183,49.808450483598335
-12.20076340514077,50.02267124586643,57.29680681138329
-17.873971872682883,38.358010290865295,50.300314983514404
-4.441040704867592,35.509293966232,57.06522788097589
-10.446399960256521,47.01485335288266,72.48517716896313
-29.036749234391912,40.32292135079888,66.63016600390561
-23.483938801308565,35.437486771907466,59.897656715701636
-21.827818538764394,43.74539546299582,63.40742695973967
-19.64587896260333,37.076302534470976,51.5962063898355
-21.573300148896575,43.419044982387824,66.24227221932922
-28.91247778561762,31.607624460782425,79.06564153112521
-16.985225872682765,33.34311446259804,64.88084509863504
-20.69704977138047,46.132422832272205,57.96714972864768
-27.880689169772545,60.95357942299376,66.75534498594133
-31.901916878921533,34.0289002874809,59.74758290199325
-21.492768136136885,36.96234512765134,60.89587659685624
4.040849937596117,8.598188346900773,49.18512340993091
-15.450894491300504,33.870286679108986,61.26162059090405
-7.981191951604998,24.41867473289862,52.27071627237785
-32.89743340965194,50.62963006253853,54.31543335407467
-33.80628479486024,30.409872796700274,64.33501647409003
-4.884007921325938,34.17179382281051,53.13777187639632
-31.800396105280782,39.37837958953995,58.2355739534673
-26.393658801396892,38.00782359701051,61.017393733899176
-30.84881405696018,50.14076705549124,49.625896881399285
-25.567224921228863,46.2619407121761,59.962300813829735
-31.333076183685158,42.672644365311214,45.627448125428025
-24.442901670082655,39.539870401251534,49.58395682858357
-14.607132552185401,39.13427890178129,55.09256996748714
-13.628307954930326,44.0199401376004,48.656033908878534
-17.412050194658026,49.486402963785295,56.93320770625162
-18.229845146006802,40.495777102004304,55.201987353943956
-17.1624724706812,31.76955210892169,53.30596068890391
-8.171005704294465,28.053841663352614,47.213665895239686
-24.683942219953586,36.31430163998207,69.91077642596684
-16.11218365419126,40.32005242739166,64.99719883687125
-23.679048516854213,42.74824063372006,60.472372962608716
7.340947182184227,7.061492419166903,53.09055227039855
-4.52052167584781,28.792419463316286,42.800612672639865
-0.7138709457314761,34.228495916443656,58.081978306724096
-22.283585590341023,33.820426037961155,50.431853574170134
-28.350080793881713,36.890088920178556,51.49156969593333
-8.051300549713723,20.103978025434994,52.69743603468278
-15.727232566594763,43.51980429894228,55.86364577890869
-14.167897285945516,24.626861735791902,38.957685763257636
3.767384797017348,8.057516641515573,40.92472312882129
-8.522027812652624,33.23235018612651,56.727368545142134
-22.518185939243168,32.85095236988622,42.60904160643447
-18.810925293799023,41.79897484946787,63.237339989257435
-12.661204095213849,41.53837076728895,51.28964633033646
-46.37384103128967,25.420438969370437,61.28451183578
-37.1939915303621,48.60047668213043,50.50706781203255
-32.735662791515836,42.12933934274488,59.22957103193054
-19.704078248058135,33.351398790990935,57.79143869551379
-14.11034651644074,34.308242609568694,60.44467293046835
-27.007913152456144,41.068315241885166,55.965230911507085
-31.592454281884823,49.05884471319088,46.76785907436886
-15.863100874493272,42.56482393381339,47.76857021647021
-13.663285098551178,39.506803422499395,62.06678765302665
-6.997957131600807,30.82969156988841,67.15500220708141
-8.466292634686454,30.789503899109857,41.26043861912343
-13.944134962438431,40.934663999752395,52.92942861694105
-26.731768420554,42.25898470009131,62.067144629169846
-28.250398216846136,41.01645415526479,59.001132313414125
-30.020443778118455,37.50169110393885,64.88405010004921
-23.276971957303168,40.37306750698073,61.924427720581384
-16.299564320289942,33.76062207540717,55.373019576758864
-26.574228144473242,49.28996845147007,61.08071443017249
-16.491891868628613,30.467992469230865,55.781282179431486
-14.666577640435182,30.703207879902,67.75053134305126
-27.044629520547762,36.16017100050843,57.3242050286536
-8.258237459478677,31.691198633628854,45.080103564427816
-16.782204207342605,32.91530032558005,44.149637508993926
-14.775289815316366,49.02462519532833,57.75663064224812
-17.010452825428775,41.86368054006677,55.97902875739805
-8.488699719946855,42.560618115390525,70.95089324744657
-37.96887580899629,43.5899390787798,56.98909132891827
-14.138801164764839,28.541306421320108,63.19920515038059
-14.670505578702556,37.90735328896845,53.537893600169596
-23.51188720108426,37.699449035126406,48.88925908494441
-5.0568190938870705,28.294826854706194,53.17217273984277
-6.633651678477382,33.075914378690356,56.36688843386614
-27.891957379580944,33.70935043605517,52.06649509176252
-18.02836716388297,33.2255064263289,76.54142732048138
-43.938230377666386,45.454999656339204,57.565890965007526
-17.41411756635138,26.42928603313664,39.22415280486773
-21.895044590280452,41.618275515237315,57.79419740345658
-14.811868615580982,39.63660019350736,60.750284231661816
-20.57081222406314,29.966735269075652,55.560648010625336
-14.13821671455804,22.88438102569485,49.772400048290436
-21.324570343587087,39.23864277196032,42.86028729160936
-19.789849548938903,35.73888729725992,60.10185598047396
-6.280818109721806,40.383247355774884,63.9719875641721
-14.886881054011118,38.49295708991882,64.7437625489812
-7.84751120995693,31.247572244004502,75.89855567298568
-19.00949332043957,35.16234026936074,71.39718113810301
-8.551632466898266,31.508759304741965,50.398378452755544
-33.44637617575497,43.25418191484586,49.231040561662006
-13.411094626433307,32.983047369138575,52.611987467958215
-26.480565553980743,34.2867008524201,63.657342182348074
-21.73788393952819,39.31433559478817,59.28116431250051
-17.29076009195707,43.653050486780806,53.836369413869505
-20.198885026262293,42.60919094387869,67.79407967842208
-12.618220228088116,30.878588811227424,55.80720760281714
-8.310364744458733,30.816332496218976,44.28298638919704
-18.952549897392846,41.17323137048637,52.5741072408134
-21.955727729753935,31.369215516039386,57.76172942753202
-6.154617344324517,42.461824115093485,49.52474664465129
-24.247506484664093,36.05878550855499,69.00038013093692
-14.511259779115179,34.269417769278256,54.62997093107739
-36.168109692702295,37.48909028397358,64.55693732880545
-20.59541286852208,36.9320258611716,59.02268324355653
-19.52171278146227,43.16252878425296,71.93781125256609
-18.485738356894018,42.4602496107659,60.512108641876495
0.35325407707291934,24.687061996514565,60.411663652901815
-9.060373752826449,34.92183379397235,58.16511603158518
0.2115144709450143,27.46059061189109,57.92223450379262
-8.400774698019166,28.93282254566581,45.83847647378641
-21.936882621023017,36.46657048823575,48.18411522067544
-19.12727803621675,35.74212668849344,56.96299266461477
-26.799954312879724,29.97465555258019,70.46086924445018
-14.957588432666425,23.17683191772306,62.73990820960531
6.088017701983905,25.11794652058941,61.88691156674146
-4.677852184435694,11.480679074132633,52.53128365312596
-19.622194033405407,42.52137992992804,75.85072888670551
-16.264831871878453,27.98193731000175,48.44480987888241
-9.652190801043915,20.00762695277995,47.286541769124995
-13.957582136955448,37.58951864944849,56.64137526828268
-19.926401484905835,36.72628779902975,72.5039662446662
-0.3682512788576906,27.178828000612018,52.21948016987117
-17.49668237411004,35.5038549224973,63.81829472717273
-2.7611828808025822,41.76763020231498,66.49538474678248
-22.250761999209196,31.30633660177658,38.693425162210126
-11.219910681831271,35.8266443467419,53.518594713002535
-19.740583473638697,41.82362285339068,70.04093658617063
-11.50209248700443,32.241160744149255,71.92702486025647
-14.928972769745956,27.67254910076738,51.33238282396806
-25.00886945645632,33.04059142355882,63.002671646714184
-8.696537992756136,21.883337967993498,53.45022003294685
-13.841287110380103,24.320398382870902,62.39624001354331
-1.306267047784083,33.42298746673792,53.845739859210695
-30.88583160858166,36.5658720927693,61.81882216398687
-18.11173390140466,37.5455293972573,54.3851817511401
-18.814199480897674,40.980188769391546,61.41662491476519
-20.67196612182369,38.48776335953424,62.048958703391165
-15.75340696071547,35.28996904297126,51.18525257206811
-28.76526528742638,38.334926968001234,45.804091018041305
-11.465783083804478,26.11324460295137,63.84653666492442
-24.547698230674882,28.26443779925288,63.86859281134492
-19.28272188243073,21.851280968322982,65.12943080735735
-10.463592441126341,36.23478744013573,69.67410097414738
-26.136769469488886,37.05333023922449,67.84794843852494
-12.934293376106043,29.366677576045316,58.907910994962606
-4.018894130754384,27.66402634671908,49.077354408689295
-15.405925962527732,39.80564930185063,47.4667590487077
-8.444907953918106,38.35313873539385,47.153932172937054
-22.129150892522137,37.20928094192911,51.1555572580053
-21.217392550662606,27.144263029623623,55.69213272275165
-14.592325940558188,34.28255362204284,48.178613812324286
-18.05987242894686,27.289435931689447,66.24026953284323
-19.912027768985983,39.484258317926205,58.93270945125664
-28.25780987183622,44.82360592489655,69.96057461303981
-25.05659922743719,30.03268576168918,59.54863365007559
-29.209959820055996,36.806426410289795,56.20681061664649
-23.857777011734342,28.12276251282504,65.51921023487827
-26.51293672418791,21.401086828035005,64.43087995209436
-22.67872150385695,25.49629088996389,54.86681425550645
-5.8202024547759255,38.25405241719248,64.62229802930601
-18.85006017161342,40.36057772471983,53.650536337547344
-50.29826676518612,38.60636777881252,67.39371511472235
-14.772290071430714,32.598273273079926,68.81226266276563
-26.18255495114669,38.65551653692088,66.25115573660149
-16.790956090247278,41.142994266542104,56.43864451312678
-15.476038964243882,36.041743491503034,61.78834176527414
-17.720124559941247,23.305006542728684,51.47307801286875
-20.82750342806102,30.647936619579713,52.18523402855773
-24.328522724673924,35.26502209624408,53.7844978714898
-17.01558345830266,34.14527057651335,53.5812985983636
-11.456701949151633,29.78899457667058,64.53770795371693
-13.747789694317863,41.64985643569661,50.19744254547922
-19.756001498503448,28.208197103479,50.45204954828436
-23.63029201534677,38.84871783915561,51.51522669758114
-9.521718499512321,23.918424905247637,54.804823395765574
-23.927160454003953,36.42607504463618,46.99433218111685
-14.935636170926866,35.45990989108745,55.91800506303055
-12.175136821873947,32.98882164535247,63.36842907651082
-18.500219491476983,35.229882811277776,52.71568940197357
-17.24998011330945,23.971807262202503,67.3810833522817
-14.48689037529919,28.455548424730704,51.95643226984734
-16.265614434383114,39.61557732519203,54.16101321047737
-15.436233311098773,35.73552034809142,63.25404509881103
-10.862643727612777,32.98830698608139,63.67482964789196
-26.555833797776636,32.73002754979203,63.287013519075295
-17.969470174213466,31.35508246970189,61.09441673194868
-8.624217386812054,33.11022582595634,45.95494460058661
-0.6747886105260951,20.10562381747538,44.47921372259683
-20.489541498724673,36.427877312939344,70.74291240210064
-20.999436231322704,29.586255904195298,56.078810121503125
-16.870822706067816,34.45325554499312,67.79469218687726
-23.54921157371522,37.15524000854598,56.589066007581046
-4.606229387245481,28.25076773965301,66.11901820640371
-2.852867837327093,16.294612707298242,41.17822588616801
-4.516465888209657,18.833026441523188,55.216324458536725
-21.278582775597,27.132937163845707,49.682877326827715
-31.72379367959863,32.613999380104026,52.73629186966011
-19.024652588910765,36.14569930555059,44.164813198081966
-10.609194885328321,25.217781890971736,64.88337417335774
-2.4311723238948493,18.183848823408283,45.24439630453918
-9.170510529732475,34.45460078762395,60.504006884398336
-18.1008330521133,32.378688212588095,50.06469189777501
-13.116951595508555,34.22568490692748,56.343758448893006
-14.5216283833062,32.93223932147479,56.240466484788655
-15.785536249899002,27.95083999758571,59.22826354257813
-14.733521780758782,37.472263681408016,59.13958158237656
-9.396455711815374,22.61737704353304,56.799805851755515
-9.890849046783377,28.9212354568967,50.926513071005516
-25.366240505074916,26.89402095301297,60.10804883035511
-13.608595131005625,31.061687802176667,60.78888740398642
-24.13448367765836,37.042909983264266,74.08502910578929
-21.108439188808845,32.201138959848684,59.26958631432096
-9.818837327907481,26.13796405917165,60.49601146170592
-10.668063477899146,31.17299311417854,54.821277275982155
-28.07344885155282,20.289332932872874,64.11367462502702
-12.267097423271913,44.26097340179864,49.4466443626951
-14.303687226273738,23.459620086043525,69.62587729532957
0.7152289228950048,32.73475747396391,59.185774960674756
-25.550904640560802,36.45721457092783,53.59742335869803
-5.725615143739862,32.77260940556784,56.97286059566161
-14.91551807977264,22.87800010143945,50.33738533323078
-16.356676189793,37.05972317627639,63.24660860532213
-24.36518667883852,24.892040330138272,58.87880948434671
-15.169681620714812,31.61834662366812,60.910331805328916
-11.389031121415229,34.39362208955676,63.441258120304994
-21.975484984318445,31.074363695097947,58.46402077263838
-7.050512583610004,35.29466114599398,68.96435095311196
-22.477557954631884,21.693003153234493,54.205297266357974
-13.694379229827254,28.400886519014826,49.641996958246445
-3.0118596809310967,29.010101213544058,51.87244177905614
-18.118697836831444,39.11683686211191,72.8385286894985
-0.5030229434461488,21.374528588172076,59.96777207522467
-11.828847982110695,23.313810583727093,43.779878914168414
-21.997653773020307,29.65046730963784,70.42178689065858
-24.01867268906078,23.862132297232765,68.9938505314308
-13.265450774893479,33.865228835712706,55.30801506040919
-12.251444457409612,32.18747211788061,75.20034584591988
-18.631794554513252,40.655835727236074,50.77648379351702
-1.714194617574518,38.17264842927686,72.98630505283266
-20.363827265984124,29.50966012485827,71.76570134427013
-16.14284616816795,35.57374957283232,56.57601538029262
-14.954576192805568,36.090374158438664,56.17520561817166
-11.329409891693718,32.753495209058165,56.63854751541139
-25.82649951668802,27.76994467462567,59.363253666066115
-15.409663822308573,26.649870377035427,60.1205411906264
-18.101043833134483,25.36729004233824,62.30592526641646
-9.025604322798143,30.36084050362459,54.243558611014
-21.21864117210106,33.01462334966554,64.57236323649848
-17.116046285076752,29.27624644087065,55.514698129902975
-21.06638075433311,30.58118847362103,59.6248771061447
-12.975394339388252,33.92608947864819,61.2837571478209
-15.612508954530892,27.94669875796265,57.655286481899125
-2.5701847485644898,23.838950728111747,69.19057957502298
-7.022538722438303,25.39128471693719,60.66520630305403
-12.785584134681763,35.65803295366391,55.56635731997764
-19.840112048005196,26.57052199505239,60.37209090077631
-1.7538603750031962,15.203991352933794,42.49881242506134
-13.261566288999065,25.666805004912653,52.537069840935466
-16.27932973649384,26.159192194722102,69.16666939206668
-24.807022234722147,27.78828414745116,55.94097135986593
-20.09982529836364,17.86300892597001,72.79189133769233
-13.774993741207046,11.790306528923967,63.570013593704964
-15.904407283426007,30.670907180282356,60.432481430332004
-8.159896739728485,39.017173569180486,54.68504227967258
-10.964127640940546,26.364170676390913,51.18888435874091
0.28454293378999074,30.913891837235873,48.97349319479162
-13.070197240281207,23.663042567786007,51.88596913940005
-10.772402514923847,20.349661795880966,52.490131193528185
-19.82078417154603,38.30144564748939,50.26422639300606
-16.438124533304606,40.7926358709914,60.23005769353076
-27.702569533048326,27.09097080902413,60.07475870538871
-2.9715961600554293,18.580651937755974,53.66075239405082
-8.871299257635627,23.279579337951525,45.98526053107348
-18.438503260985897,26.03155418804219,65.93617305399565
-9.202869905370443,23.206269393106787,65.1470070578175
-32.703671195887566,22.7218665722389,77.52224725538046
-16.890292948798322,30.44723749396561,58.379291135672474
-9.032146431640776,35.23705742316719,54.938881071155905
-3.5647923380275746,29.423956037482377,55.819985901212625
-11.694513626384603,22.212625378116016,50.87890075828978
-17.331137639278932,35.065847147012704,63.20357417836611
-11.440734082619395,22.12978969370998,60.73356683899243
-20.62051754972031,36.42016781094225,61.379964712534125
-13.353180863651595,30.372338442255728,62.51635500758022
-11.274802860422728,33.7723570216138,66.79595767986201
-29.639287836006403,18.286606625193006,57.831624626362256
-8.469431852575719,27.838247501970155,42.89387744532552
-12.685640777701849,30.279106500558637,52.517279864394254
-3.9402598681191674,26.70173183082193,50.23793044869888
-4.28326248283906,30.501341949080008,49.56307399966912
1.4638250923207772,14.988638703277465,38.82550148101299
-17.158782518936395,30.733925477291336,56.633739701263345
-15.627226102693738,33.19889192780963,71.20801765771087
-31.07481610952122,34.19777921334796,64.2087284040121
-12.786535914380872,28.85653046535789,69.6175431593982
-10.481987632455828,20.397644954750586,63.97675553081864
-15.662244667886753,31.567447846964466,60.590318979130366
-15.002236138986463,28.289342552940546,48.27491894781204
-19.16438644645752,28.2478736264514,57.01001090181027
-15.085315539340632,27.761106723589112,61.824961123733736
-18.60933974144219,20.184041441491214,65.831854571879
-10.926847979946835,19.632065230309024,62.66101336923454
-17.707560301533,27.32183056758936,54.413896546038174
-8.47705327926425,34.76950369900217,55.45757504240345
-7.348366970307853,26.542055258760914,66.8886781685576
-7.094307370756695,22.40969743624338,60.32191962807524
-25.903998996724315,28.237857335564374,55.90609647982632
-16.652541109071137,23.380753198778844,57.376870721743224
-19.08951775976433,24.8693151161462,47.958549645564105
-20.047875660568128,28.246317249926875,51.776209498463864
-17.06773983639906,33.12887360540846,57.57109396166018
-10.98895706767319,30.74506382144296,59.80227245487306
-20.11163007797595,38.36980022750599,47.764828867698064
-7.2654835426746125,23.680523241834674,52.685810251717605
-12.38486129854588,25.601081722373962,59.67953919874366
-16.21811765761173,29.434145688544874,64.09807881462295
-0.9505955246515616,24.805496234424986,57.14111913433045
-17.57664381582175,28.60549963529507,57.079015638697165
-4.972054414987217,23.42829119307661,59.7756614253464
-11.757920018580947,33.86502682152853,66.25545503107807
-20.302671617201984,32.853004220196475,50.72631102849282
-19.648257829820267,18.887274079550455,58.77774398431364
-18.022263081066512,25.427794816186097,48.908057266088825
-14.811740813169116,24.44936073852175,54.03556291029285
-12.32556095845454,34.924623351906874,56.68476936657457
-9.361473419760117,25.526400289799525,52.905998757939216
3.4380207265389404,14.175893881468191,44.424538538360686
-16.990438704503408,19.839534977263675,55.95381362840227
-5.940855719055405,22.021694768276028,64.31471452872145
1.3294415180721373,26.007391222836276,53.72553307462544
-8.758742244703868,24.52370230205101,67.8894235972537
-4.931437024163355,13.071539664039406,69.69102864427819
-18.698026253795977,20.882749498170217,48.572807995025286
-9.697481041584712,24.40977037246299,66.23369176256855
-8.525375664799542,28.30090955319622,73.37128890474355
-20.634692369782385,24.289639867250237,63.158918049739015
-12.362147098497674,21.17105341112396,49.904811452843234
-14.925664897228721,24.27407756819292,47.52734095708892
-6.741121744761308,28.3706181440332,43.972128685613654
-14.963834099314871,23.807456020152294,57.16679315753171
-16.668721487643275,32.26534969278102,50.963728306128466
-1.322438634811599,15.724320971827117,52.214943779307596
-5.4659566354252,21.677161457960125,48.46147569004093
-19.853568802177325,23.167339586688954,50.97707373146154
-13.05697076834902,20.06400398603707,44.900400093279586
-19.308503098874407,26.55417028916039,51.98927127652952
-16.08379065221462,28.211436446586006,65.49469433823651
-7.762018135553028,34.41399257492027,56.032476507567395
-9.054890278140483,26.80988165994721,50.21267934426383
-18.647656610576238,20.667895217408088,67.13840485046447
-6.164408918949744,10.548312841572724,57.560653009293056
-16.36795459618162,30.172998648034707,59.819096877389896
-17.056388148407276,31.88301812739133,54.77425136713457
-15.578581200126502,26.35532688685388,55.5689956020178
-9.630243425759375,25.26082514845305,52.18482379310784
-5.297547342023585,22.090788301284608,61.721770369710946
-5.074698085077251,32.55344276943985,68.68941798166368
-20.188676783836495,22.343067326594596,58.9009148254263
-11.433928191173798,19.85082230619229,50.69967547358158
-23.206284427178712,27.780830255287494,50.18478313496943
3.5066509249803075,14.8214809220323,47.50325597402909
-11.136231716757257,21.9906689449573,49.3610324897989
-6.8360368663917,19.510735525673237,66.14742906280301
-9.76122722265699,28.165723475540698,68.58346041940293
-12.509859331938834,30.901026181814938,59.371941268507186
-22.6090224335379,19.8473519757729,63.107286182057386
-15.385085045339718,29.433277725502172,69.99331282652392
-9.130803915786618,29.82707825779732,65.66846885466585
-19.935868979967402,24.271788677517552,59.53059928944698
-13.536196716183172,28.071518050412173,44.658970793804734
-6.202906900244471,24.24302238471325,53.42437530587166
-8.88646370893918,20.35326635706546,50.32742133742836
-12.079043551006903,20.042387007088045,60.57301334744489
-10.64197475875371,14.680229355347185,61.024268721503034
-3.1679816778746384,9.808301274585228,49.339607752461355
-17.702888797400476,23.127155927172254,60.99255483454145
-16.624577774555316,22.51556908626719,59.91090869271674
-12.649019330923977,17.318585970992956,50.988121120928575
-10.155475307226373,25.317808979861805,59.28595732467077
-5.310843673403555,16.385179731547794,55.10462748848515
-3.590011783525656,30.050770713294654,55.874888289559394
-17.0906203566045,36.842211265083584,67.53424661182842
-8.442854919434705,29.177293043282138,63.601242774902374
-19.012922747449952,25.90182508175771,60.97751650183531
-15.612050368726088,26.454396923918758,53.902822037214364
-25.92279180773142,30.112263011933045,48.65910042382551
-15.329014938158219,22.349710702440568,64.69161816305112
-3.6026174392496824,12.260195551041356,43.029731868027525
-10.694628527944948,21.964636304465127,48.13585328217379
-2.157882692283039,21.827798892350184,50.46050187173804
-14.575801680630459,25.534622218752652,61.474784382302424
-6.1140352015937065,32.66452667337607,60.85018352874458
-9.850170866988735,15.529518380045491,55.490398558435324
-14.577919350451728,26.348996656386504,59.46169133123097
-12.148055750735308,34.93528967478421,53.88808470078301
-14.835109310308173,18.67240067491701,61.11510990179447
-15.412944830113297,22.906835595126918,59.37323063359111
-18.165234230823817,39.02682783958579,56.87401796747512
-3.8820551388165616,19.049252389378513,53.01999600420625
-4.957904784473284,21.975304053400443,66.10606119003796
-1.8488648290424379,9.404814350875197,48.2593922407505
-9.626620996266668,23.452251869885423,58.523625896816675
-12.674426301743669,19.05658422776972,47.44346942493553
-2.468660078928424,28.623123471425444,51.06712544474044
-8.729547477884381,20.908543215895328,63.32454727322112
-11.246442787464698,17.577370921051656,61.97969464713666
-6.616819942437372,21.079748993962344,59.103860863767174
-8.243573502986012,27.76961315990254,64.35840441779297
-3.136729007732524,15.04178730227624,63.988345059137465
-23.356036459027383,19.03647581730608,57.49124124575858
-11.972635886370243,23.020391754208415,59.33643663233997
-19.231042116307194,21.172495375832547,66.94346168612465
-19.42677558184374,17.6994966959397,62.82219903945826
-19.206629879938426,24.28652678443638,53.28738475085862
-18.77705499591209,22.00228109563821,60.61237546027479
-15.07339667761029,31.570196976005967,64.92101356848065
-2.71939309446498,19.327820278316587,68.76049028758122
-23.628943207223287,22.760595392565904,53.07920894798379
-12.808560802406713,19.238597508404485,52.69218359897887
-15.255187710840662,23.22394997529041,57.42552297481698
-11.69844071957326,17.89599157550799,59.44646585804926
1.8351183797307575,12.345010657329414,46.36989666787121
-5.63340413236902,23.54433720844785,57.61237583418107
-21.921783924517776,26.2229009941492,61.485060882843825
-12.439566779004286,25.944144613461354,63.29341725830292
-10.352826106792088,25.46638232240704,65.82940524753529
-3.1378733751664654,26.290226711773816,53.74746152150661
-18.63950334705273,20.52476034948675,53.49997369954432
-9.854694100862385,28.139681905094882,63.75358267089191
-14.070746540535996,19.776501273875336,44.664537347711985
-4.035804570636861,26.814885231367498,53.91940517534084
-1.961380146300978,31.470348597074732,60.5431049078186
-12.045136677391257,20.228688736191746,54.17050266026679
-10.993985497119029,23.26729279845825,43.42561696598586
-20.197252624383715,27.59220525231644,54.07925257328578
-11.363171687389567,20.597976369321056,55.38974421650809
-8.773673525792852,27.143653066297706,60.142216126910164
-8.014897469438003,27.482985467249105,64.40872728151757
-2.2948152500659007,12.538019400652015,39.66687912565349
-3.4124273849911333,18.017667389354084,60.35406369027341
-9.52830995835197,15.80183789535154,60.58154255022979
-17.800942491409163,19.91990815095117,52.52505362123619
-7.192416393563855,19.60546759792535,66.71703912374869
-3.103796887694723,19.25339579422638,70.34696692462856
-11.469685447146654,16.05337723345555,59.99529985117916
-9.193856870569466,25.762659204581947,66.66502278673975
-5.365861397510043,19.620037868968605,46.64548033493072
-14.18967766890619,22.272250710779293,52.017079665164964
-15.19116186251685,17.690959549375215,57.43896694997902
-13.886117964685875,20.533960004568623,58.00621710204183
-8.650354058746576,16.84959481701807,58.18826306583405
-19.843849905889115,36.05821797061299,61.90860545633985
-18.586714350100134,24.488981850601874,52.43771611724843
-17.91860911401326,17.277322119044356,48.04796565553239
-0.19525575808772042,13.442364654251797,44.31284083328011
-10.684890746504465,27.339949149425856,47.552379038829905
-10.343823906594787,15.41577215679841,61.07900284471496
-18.362872589373858,15.880671538323561,55.16542749890456
-15.102381547473616,27.281340167929912,56.69493712489076
-4.747580084249358,23.33228412204713,61.844681516368965
-10.317024405442286,23.752966293512134,66.50604269643004
-5.617374116960166,18.29347373038673,48.643480241789405
-11.21712250145618,17.207670460384847,51.65148746795671
-13.530167996291786,20.49348363019389,57.39091209918972
-14.207150897123917,27.11135434886868,55.55429713974886
-7.887961851328387,27.221284487250355,57.24705990761958
-16.317760236104842,21.546734091311983,52.26966898121615
-14.201358349577363,20.802536694718256,67.50595975076513
-0.6826857155293643,27.965482603220536,63.660159827234196
-6.81330106861336,19.30142063938553,46.319306842358486
-1.241733171852459,22.205235956423085,51.894488244854465
-7.13945248004915,21.470580472998147,55.04635154525364
-3.073273943720632,12.485563958017917,49.41862882616473
-4.785563056983202,24.137106909537092,61.59434683897871
-3.8545088392659803,19.93290047901462,60.79958042509668
-14.183979768089609,17.49971910639843,63.866779521889924
-8.521308084253176,24.05869354314283,55.17611050639612
-8.674980995972026,22.992658125386846,58.39922529814696
-6.085816470528743,21.666687688437193,59.93054961062238
-11.040746494900256,22.56425126061865,60.762460381649426
-7.194376570139995,26.10161612065306,61.88860601083981
-7.106788346279396,14.680836013472256,66.57930978960273
-16.740824286000446,19.924325746088464,68.47677698276131
-10.140236565591046,23.362463280111122,58.758607496254875
-14.130986325794453,21.899500722649517,53.2533920478895
-16.927473184280828,18.213381146641296,55.91345886670816
-15.695918884003175,19.924437920965058,54.250379724916925
1.5698461707751785,27.12625907746491,61.61521915501202
-9.66829277599938,20.244505156248493,51.897467226255735
-13.959880214803015,17.939067096817993,61.68524607509483
4.967519040958072,23.38845624016076,63.41156991389371
-7.434073360237705,16.444823322755795,63.58916482954965
-5.1211895466020785,17.1758587076265,66.26959153484785
-8.741462520597944,17.281890614485675,59.496895347551714
-15.623613500682039,13.948946131905517,62.08011796394284
-4.878367145695277,22.468741849697917,65.40790519059162
-5.4236157324498535,22.533115782155928,64.83364304468083
-4.13738487470099,15.692927185700304,63.28450558024474
-11.262298225390897,9.454375392907913,61.12109777238971
2.6778349483794432,20.222703844140288,61.28568601842538
-6.452278712733554,18.34933852299201,57.57079431115618
-9.655031947702414,15.624135803684789,54.932974501823836
-14.936039749538775,17.88775523305717,64.46915525965463
-10.205579114778036,20.72242065557776,54.2791774763916
1.863855407202199,19.963708316296124,56.27412593206142
-13.386372659013206,21.7419217362135,55.28529527208268
-10.414529044792907,24.398680202389293,55.76183005155853
-15.49234122770072,15.148723248195473,57.21169720564143
-11.920324237128694,12.227283638012775,60.64049499690551
-3.5155915071416457,18.61718927494487,62.43523223421242
-8.736859537151489,15.179241318781159,65.82425239445229
-10.964678871027823,16.284332570102308,57.074144672633054
-11.448529523028148,14.637724447273765,56.46958978274364
-6.084346323708749,12.27388357688074,47.37663486338321
-7.077040637031465,14.510990098354581,57.93925032863225
-10.732905959750626,18.00612213229034,55.42318450426078
-1.7017141806859326,21.176267486713176,51.76741103807255
-0.08354764790268421,18.720152962103416,69.41551060366598
-6.980189337033484,18.08894110683633,62.69019356454545
-9.708832039847307,19.244810076567905,68.63857030371219
-16.129692372949325,13.329782194194472,61.40428556066454
-6.925442590780893,18.57347776964597,57.171464948137256
-1.7806428306925195,17.298533698968196,61.74528657510211
-10.917760057551671,18.21952201810217,61.524552581968834
-9.109202679635262,20.04651993770663,70.6248819595469
-10.587999735472584,19.35780493757899,43.861532142397834
-5.389046446375732,18.061356194539385,59.97788737527104
-15.929650597808962,15.324699178503883,59.33151060945478
-11.171330928975514,15.338267082524261,56.190734239036416
-3.900101240316474,14.880376106966574,50.99656527939094
-3.842248831786759,20.24120523505738,58.80229792641202
-11.135691192550865,17.085851738504974,58.08133693322454
-11.277271191705047,18.211508145259266,60.08538968685351
1.1725925776112736,21.06821459735967,65.78928351873947
-9.663614404650335,17.82369323424263,57.58460524563708
-3.70067955906404,9.909743858844127,64.93342633081139
-16.699081325883604,14.338492089079176,59.53779316687868
-0.03889047285994274,15.405254012798753,62.85246777850603
-5.383900617785302,19.091490191138817,52.70092656745012
-13.973043129963951,17.371785338605857,55.38084956140115
-6.539109397179853,23.71607809243774,56.89065294156141
-5.6535445462304885,14.785068148438864,49.643956941200116
-12.735104015197287,13.558564556662605,58.00221014714656
-4.0481917602735855,16.35133634010062,48.17688379400211
-20.12322731184912,22.266149103665203,60.046124401053675
-7.227900869989593,20.14202888638428,57.50346410924081
-5.742327508596923,14.430078586080954,51.942454955746875
-4.058621327220514,10.176756123947644,50.04164208353994
-10.538245352861516,19.692874777419583,57.63114278530973
-10.387160852200493,13.360301710191083,65.82431298472655
-6.206127959526046,22.124643251146274,54.89878003557012
-11.044618591153867,16.956920072575777,62.11134050748186
-2.491971086594959,12.59004106768945,54.266145260706196
-4.771572248656868,14.013790675743516,49.50344605334946
-9.99906031936996,6.875301815707561,65.17572389575675
-0.7754656125522803,19.49106840026906,57.24122341400741
-9.298108076218808,14.856265493393336,46.85361033836763
-15.057687993126768,13.8097322386547,58.42941549336693
-6.08250794868497,18.491007056002353,63.07134068498051
-12.55592143828693,26.714191444690695,61.01719255273117
-5.840944106882658,12.210437139768686,52.06814525490204
-19.907844643535345,22.54914117532596,53.995974459469934
-16.958412966942635,19.19940125618315,64.62237906523414
-14.395535063400088,24.192235044698197,60.27500674873521
-7.637911136363175,13.391318417422227,59.2984629814095
-5.013553914194259,11.3445810137646,62.24711126415386
-12.844480556183127,10.77810562701569,55.69937773437285
-9.544540382018118,11.421183716594284,53.41037160088915
-7.615171619834083,19.475112827737863,63.78472493085269
-7.578622069420282,9.41220810645036,55.378367012539194
-4.384103203562769,15.026256951959574,52.503367979789324
-13.446223011379985,19.173802674087163,55.85724181757995
-2.7756105879658897,15.190599874567582,50.78271181438243
-6.369471598645616,15.865047414979077,59.41919056316647
-6.793143575442804,12.166165232237535,62.298345788749295
-15.794909937797689,18.49229801691255,57.879883403263975
-11.754199041071086,19.4564223300701,57.221237931420255
-16.712319002161724,17.854770353476848,62.04990377234767
-0.9226928146188274,21.557737368674648,58.74782977179606
-5.035605653137397,17.256551096640983,59.60332873826994
-9.548622329190762,14.324931837932317,58.738875683928086
-9.852775990953983,12.249322259776358,61.10588788554661
-5.192772131930495,8.451138064521386,63.55471454535331
-13.258947226724858,15.809081301653995,58.073375045769325
-7.623627492370723,13.150454576890708,61.9763612051104
-5.206969039522013,25.328009547395915,59.44519237285932
-2.840677617010713,11.470063745449387,54.983481564448944
-6.536466075883739,13.37307129249281,48.88432095576672
-6.442972656792838,14.697599460481415,57.463216956153055
-13.732644219376233,7.99796289120709,59.29779617695472
-8.965068095271867,10.19817256372431,59.687998197311266
-9.780441193640872,9.85031349748252,61.33447321176535
-2.52943584119908,17.179986901203105,50.90700680824543
-11.14469642931432,15.40873694252035,58.463690066019325
-11.032709484641545,13.424399493392443,52.734821797576
-6.319264784869839,12.437988936785223,62.7759778320981
-10.110130487986705,17.265798564240775,57.97253948312952
-2.132116984690252,7.600773319681201,59.79709194104308
-8.13166462624139,14.139648426382045,51.44947141479429
-5.175544803750143,9.522533737316838,49.40984202435541
-10.411128406339557,8.622684173798152,59.013954816886894
-13.007583270598658,12.398332607578144,60.77684920757745
-11.018415006902595,16.476720283502296,54.655428120921556
-6.822118549447531,10.827732836485856,63.526867696809106
-17.73757072530813,14.070988979022468,56.52152733035046
-5.879646200686843,15.918497103676644,59.51971741936035
-9.489261857467508,14.419915564689532,58.38304569581749
-7.81632626582927,14.289437559481586,61.559960083734055
-3.6224246139144967,10.352770854824078,64.99684023582466
-12.355817789126231,18.94304736523478,60.344996523605964
1.1323485309132124,19.782341862526003,54.22892557891639
-15.289445607144799,20.54168114047559,60.56061716119848
-3.151056583701663,13.647068313917076,56.54605722273594
-2.7867808883827774,18.49513267187059,50.228269616743944
-6.7240133981532235,18.353403728869026,56.26854965510218
-2.5664027691143225,14.205507428797882,57.77243978746447
-4.495842682513599,10.803471439628773,56.08574095036523
-6.562435144474485,13.291142502260787,59.527578367727685
-4.078046371502836,16.422036375294493,60.84851970210573
-5.7440459481761765,16.05533047304292,55.81800182066977
1.984776323773541,12.676592589469792,58.85680850860345
-13.367198675183136,10.141651929990912,54.61620748970177
-13.845761376793233,3.970399161791072,57.31904184348737
-2.253295577715,11.99228284282395,48.54835197416528
-4.422755282592042,13.43601888890872,59.29063211180232
-5.240292102878151,17.31698537467155,54.32436509189432
-2.1439154874835484,12.301301637884169,59.45717437532743
-9.411520176685462,4.456870004576358,57.604513620349834
-0.7247392868745535,6.52728960412764,52.850283980124324
-0.16889072124532278,14.063620154497043,61.07759728601539
-3.6790119998241004,13.61293293452473,52.38651589078074
-7.506130790195407,13.941125899551926,50.67440381434656
-8.725640099390496,4.262557112532539,57.7889110802117
-11.41763537117116,14.46716236212294,53.193464823943835
-8.618640191192679,11.031846451296094,55.62176911740132
-6.802963586187781,11.02749471074635,63.09088070081359
-4.0211996608498835,11.842604884719677,59.647149335063894
-10.34328625461994,15.053978116076133,53.690018571648004
0.7271200545809391,15.808284947111785,56.059601085530375
-5.256859786052343,15.289424360913682,63.2567959593978
-4.481366712421515,14.723941896947048,54.654377251358
-8.397626851327802,10.48527582814363,55.0480264515753
-11.824739909162568,11.100906021151928,60.411451920320985
-12.1479012624995,11.558805697650998,57.988500716944124
-2.2796651110815613,15.938778546403631,64.74517137592198
-6.345035583275125,8.373472627977357,56.94542815199852
-11.675331461170291,11.7124738560242,60.26029626906872
-4.727494080526029,11.246961817242381,61.29037909821945
-7.018253083355872,11.863896724896437,57.70199021901467
-3.6952892564901147,7.74342611009448,61.236358790869254
-2.925018516997808,9.974131589031959,57.23578441843672
-7.456054764962286,9.537563836852431,52.28789235430716
-6.483290388170507,8.749818739285605,59.17588759292743
-3.7667220439170315,13.079208744332936,60.28946835278646
-3.956155178567982,9.297842173690311,53.647319333889364
-2.7528589775745624,11.055437708869958,65.08768479601316
-14.213975823305578,13.102055451271626,60.006418380389185
-8.846174188652292,11.244424747703738,57.159657477555946
-4.882481731934438,10.494773826659287,59.75570570185037
-8.651976871830662,13.691125837812365,61.92698901462317
-2.8398182327605883,9.656127975218867,57.316975234277486
-7.4296426928823776,9.901189857466145,55.26966180680499
-3.9368795488773483,15.636037886480075,59.36297445224596
-7.263812964448928,11.010978496882684,54.54652327300953
-1.1514270218042983,11.828698840147906,63.56399540050483
0.08221370068345205,9.532062250748595,65.14195590548329
-10.102904477546174,12.721149380967761,62.34227250586102
-6.315662456644328,12.814999596753804,57.24066892431048
-1.1229281093060404,18.99962698861761,54.17885564228325
-6.184881994541003,9.293673803879493,56.008457246297326
-10.329729141531951,16.222309413420113,59.73297529407567
-6.460726332747422,11.084339517955188,56.788698620089185
-7.566571221396642,14.63013496565404,59.13003984667916
-3.2210296239949217,8.297616854631665,61.07603269696524
-3.987174525767681,9.279170346573801,57.51695306833292
-2.036116233119433,10.765631561735114,60.062328273636936
-8.720361632928785,18.1860629218782,57.74150045116178
-3.6237809445812084,5.302532833809448,64.64827111972464
-5.893493422126123,11.964589142362565,60.91284268198683
-10.010358967003802,17.91063695185754,51.01462471311688
-8.302696840783307,14.668448097965078,59.423519064455355
-6.619409130298999,6.2985801489196565,59.066975469506225
0.5087952291406865,9.641292702077834,54.4438628180176
-7.2692780175257345,10.965227203558706,54.3286049725941
-6.118662595111122,6.841220676588325,59.50003094212729
-3.071374984856991,6.847237180039883,54.41085351089657
1.3083028478806447,10.15122801224742,52.88244765434225
-4.13859597520103,8.569675281548722,62.33762937973856
2.200436536724962,4.985041958683066,60.64540326266032
-3.9821257754818564,6.86038152432713,59.03650905202811
-3.154821042867633,2.141944147270342,62.340265566152
-0.7163328566796041,8.903801965035225,62.10495991675622
-6.9418816174563975,3.5408617804533984,56.33849152224405
-9.6355519624051,9.517361125539987,58.333195155836464
-5.026856705152101,9.37288293884976,57.72524916016528
-5.094402459912181,9.360169072840552,60.093629046533096
-11.905690821717863,9.775926730570982,52.5147434538191
-4.72132489897247,13.215206274523668,56.49902639494109
-4.428150339915545,13.741248040978428,54.3789379497944
-9.626378623332668,4.31127344589429,53.77521794551053
-9.16869677053939,14.222944150157856,59.59408042761568
-9.113152675922638,7.771878205590334,57.93726471508215
-5.81021791851743,1.7351166462891054,57.89067085718577
-5.290634541804215,5.534881859882854,58.53209755549863
-11.916243623201055,11.944594589085469,62.770340105846266
-9.645490985333986,10.850430909504059,59.40916928325035
-0.6583574021116996,10.324522227655944,49.91612056666462
-6.953579393452125,11.275179268041665,51.34123007964749
-3.900374100970039,13.9052324285291,53.51607114927326
-5.5753861326274015,10.767919179327595,56.89760626212788
-6.4486363243402645,11.509416814959359,60.03018973304043
-7.43060252648086,10.660887838031407,58.32775108029085
-7.43721733712654,5.671045069371568,55.824242926704905
-8.952071661722824,9.111540562693678,52.696526798722914
-10.010563183907037,8.686963075692528,58.36565124483119
-6.913668724082721,9.802038898184016,54.401951214572286
-8.086422243940806,9.798511786589579,56.22084355652424
-3.924861693038003,3.796847414193705,60.37322232161392
-4.443288157828961,7.22830625514434,65.14612574505236
-2.908319423307561,11.275722895681143,61.298272479192
-5.989936477609984,8.768776041131574,59.460762807358584
-2.72254028529073,0.5365216192560887,62.56017184284478
-4.045554164819977,4.251392820507555,62.83299536995872
-2.9091534940232924,12.210746381721174,61.204905861839926
-4.195122943919791,10.33296491683414,54.9126743631642
-0.1853077699017699,4.25751637635078,56.66952796195407
-9.066028588651877,10.46666235489823,60.23669582492867
-0.7115170384874503,10.940891731237324,61.78985747745393
0.12371683144714707,14.143653873801568,61.58966880064555
-4.849766398715753,3.7936733841106114,56.623669909481094
-6.157168171885459,4.544773802455648,61.42518665342576
-5.597982231268296,12.667820358543306,59.93534885797393
-1.3880937121823764,3.49304021565135,58.598801298123085
-5.3651845267335805,9.439623884946554,64.57076752630337
-1.5223675092500666,2.9911935532828196,62.25128645869211
-9.226416922944162,7.249504991618686,57.94356285567548
-2.0989275951061046,8.10344376326617,61.30638248278423
-4.5572317244358995,4.554926853968798,59.00580299976412
-8.508009047826754,11.353045523461791,55.67327439494012
-10.16061562810972,7.528460601513141,53.91643369892609
-0.9679569167419103,6.106621085897786,57.69835292671081
-3.775133809216489,7.569635378271034,61.502383829463234
-7.747795454357471,8.672047700134259,57.23015141783426
-3.0626198231417714,11.007868300282253,58.264199796062194
-2.4730298672474036,3.12677813054859,55.12075395796633
2.2983742293985707,10.15947267399076,61.06763148252277
-6.35018704652475,5.961915062396983,54.86054933605146
-2.3032902444790126,4.162585389235178,56.35229730141873
-4.3749545496730065,4.878834539023268,53.14546036316478
-6.618736325433646,5.094539641631254,54.53788304312743
-2.3910891534534437,6.353878073751329,61.794847555455455
-3.465675962318666,4.703587988292233,57.04281391200546
-7.304738211400603,7.163468480468685,59.463049349005026
-5.9163873387253965,4.846237690726298,54.81083900068503
-7.299049000027737,6.732656052615729,54.5312150070918
1.586859434660548,6.089819751640194,56.9452469375512
-2.9788346927499556,3.905891413574,57.995499482246935
-4.0912138619761675,5.2234920077215445,56.68205488444796
-0.243586017465529,12.107095021865078,59.08467949013989
0.6572225986583593,12.374523185805918,58.636102769052506
-4.841773904038177,5.110820467366097,60.05783919017394
-4.776018876113493,5.650240003595946,58.959131379588875
-0.028945564850210825,7.027882971343015,54.92284669389838
-0.2742010783166963,0.2092640441752618,59.170881002627226
-7.62673065222956,8.641077884327222,56.22101639212839
-7.34225716769672,4.3559102329394,58.95022994329267
0.729353785684465,5.930833499616047,58.69336349129144
-3.8975750447498347,11.205301368159272,59.99210709407629
-3.370332620876585,1.012089444654351,58.828680347330426
-4.521487598152021,7.284167460800199,55.36506514830366
-6.6654557028299815,4.629116919948459,56.417317549790404
1.4267251964664254,5.30582131956599,56.184798408482735
-0.5338341230931589,4.593825412431645,60.22067234321032
-2.6554028608929117,8.047752183366686,56.269506068421045
-2.758151553110717,0.4158275180612163,57.21473219138277
-6.290984083475789,7.236349844061811,58.83539373378599
-1.9981448498101944,1.9140543609141802,56.18110407532566
-4.546090565640199,3.4239406270155794,59.928510369319945
-0.18695507223991847,3.5179032940763064,57.81276061386819
4.8746574329068615,1.973483226592206,56.450535611031256
-6.571549895333243,4.336408734538829,51.13130288660378
-2.309328379470015,-0.356006165214813,57.37991458336862
-2.7785708260556214,5.120790251366612,57.61495807717885
-6.488116375894585,3.9477733752334103,59.14335360398954
-1.3014952450114325,9.354036809596213,59.080743696708026
-2.6614700264070277,7.3813704460017515,57.226411337596105
-4.247027782314748,11.777997601664193,59.06616435321835
0.3242389806905902,3.366066016300784,58.84979793511318
-2.323230573360793,6.1050552540631875,60.78292997419262
-1.6186606396366152,7.585065199790042,58.16844391068588
-0.22721098557683395,-2.7189600582553575,58.56423990171264
-0.6095671760012302,4.8567027116199295,61.62215440011827
-2.8363407306363095,3.9267130106280232,58.37037207082441
-4.302733627812768,4.742703396863142,61.66391317219685
-0.7374072074174705,1.8487910187778278,52.723362790336125
-6.252972750733045,1.9292952160219954,56.56522984636547
0.8326925299632073,7.275939122279253,52.681227352120345
-3.88156060274742,4.4732839033085545,58.65159096070518
-3.7526756718008025,10.509281117202448,54.617686653009564
-5.143437335670033,5.877998700015018,60.70504876206636
-2.6478346095098555,4.36172239222644,58.689703749668396
-2.3087691488243407,4.982850048389852,55.69159064666284
-4.209777944492618,6.284356223086079,58.54895683361302
-1.6393739700918997,5.183774699529007,58.60178297175695
-1.7337688805198657,1.69993588424963,59.416386948096715
-3.7750547582669083,5.7945856539131935,55.86455400884067
0.17061636211662196,4.7378807497491335,54.20498548722433
0.41324613178198066,6.523075875848583,57.38160904686998
0.2262280693854436,1.8340032437784497,62.61099327538543
1.7845657349334676,1.6921188897850763,60.77175791519403
0.13864781653663116,2.6650165529858336,53.03339621952391
-2.6349008312125197,1.4411998629152987,56.72927116388807
0.31415793414042215,4.697900900693997,57.57458898973421
-0.402772880580069,0.6916155759969036,56.48610787179865
-2.6668673636396703,1.1511805082850741,57.984365483023566
-0.665388785646133,2.279523812253041,57.70492321753333
-0.9667981055484096,3.22951277001624,60.81865374826716
-1.3189423809652165,7.136805761564874,60.37865625649082
4.469130288171904,4.78524491969052,53.9833252892465
-0.042317935046046196,1.6563966119381988,56.68691490282274
-0.9889923364296053,5.1503620728683535,57.887082234326606
-2.5921608164571834,6.332398283784653,56.61342884287423
-2.5554645260273796,6.522712015039722,58.68294758826558
-0.6753248392819349,3.256315785867167,58.25684468791223
-4.347003093500019,-0.14505524350078436,61.30328838755177
1.905297928605818,4.311999440787898,59.867935216315665
-0.3193548877141912,4.936352322323751,57.43651722888528
-0.3788617001394121,-0.5810562809919697,57.53301356589599
-1.814928094669235,4.7806691747259675,57.465991862665824
-2.6517111316648454,2.120995205372342,57.556688168496315
-1.490682151981249,1.7768601580485708,56.276299586814496
0.18267039970136667,2.701950518823386,58.79877174177262
0.2134316114226953,0.7947599617884802,56.21690856561527
-2.4106492348275275,3.9594646993941054,57.43255670615888
-1.0958650446172222,2.9509148191842716,60.18966934827137
0.7423984121061499,4.29313931906547,56.83472516438029
-0.5739680793749784,1.7420981987937596,56.25638111508533
-1.025861605134967,2.1578408165415706,55.217455817478694
-0.08993915738660177,0.524579249247763,57.05823859566911
-2.5693906739528463,1.9617267532517377,57.32572569290339
-1.140606270313102,0.8199159630690829,58.29446648588647
3.896172610367176,2.7552305263816885,59.38822430967379
-3.550168599206745,0.4995227586332416,57.14905896956676
-0.3383753327806853,-0.6154943604379257,57.36295455593229
-3.208832724937379,0.9932816070445786,56.03347710259602
-0.38330096515198414,2.708329949482634,55.03755454920145
-0.8494166995953703,-0.03428133310812642,58.40235512293065
-2.652351340036236,2.3240172003344806,55.814541229968825
2.273980656226131,2.0460556386899307,59.61462624223969
-2.5471504653580284,1.2426998346055635,54.68354687657581
-2.3384077950591964,1.447954142722677,58.15634576309238
-2.3640018648925243,1.4565379689002906,55.613570744770705
-3.1201688434967796,0.8703877088187894,55.681550670465825
-2.093233308007693,1.6736629365934752,56.57697622375968
-0.2988671279863725,1.2426448517851458,58.046291705356175
-1.7952279635763742,1.5239885513616627,58.361095635383464
-1.1661863808994632,-0.010430796362056682,54.530382752223645
0.44699076205727706,3.9576901491903036,56.41792907760321
-2.472623804961816,1.5434435993315745,56.3608283888587
-0.5324005983260015,1.9388645677862295,56.79098948516747
0.6350966651719668,1.2585676233296341,56.157244897829315
-0.32792209748679824,1.6956342311772008,57.096913462028155
1.1957645642838333,0.9879795486676755,58.75604387236858
0.43973211422832625,0.8770274610606199,56.15925767168307
0.8204088687575556,0.23140777946324664,56.254703569540034
0.06948708511641377,0.2752640432177105,56.69267686074717
0.11572649384792755,0.6701237048794739,56.83430136244536
0.7590887366173638,0.09485148457957837,56.12860838671416
0.6308086319969276,0.5614145249395971,56.46503511016305
0.8570956832030526,0.5569094376954481,56.22011292366191
0.6000542376780251,0.38457110767890834,56.580538206055806
0.3329756045912562,0.13406069883103122,56.04337211802061
0.6437436065932621,0.39200613874077384,56.50555130939865
0.6932364166017465,0.6915846935721304,56.06428612194142
0.45706457287725843,0.21961017165516994,56.05182924597574
0.33682452854561307,0.6623543288930697,56.002188894612594
0.29421409153831546,0.2918735326769607,56.20008040141947
0.0850007195205511,0.08554967212249964,56.0416250745521
0.6105747353170474,0.617227717516371,56.14646206292619
0.22701809784867832,0.5946766928610873,56.86365184838467
0.9547510126398694,0.09153147147867213,56.301270557891364
0.3958882736018744,0.2126557026528466,56.737418661014075
0.6252679685501371,0.9272854806365984,56.781301546742334
0.09018120406959096,0.7005328806566593,56.2066479233029
0.18351746064299723,0.025359885134052962,56.16808190935561
0.12071163449912459,0.4696729701788652,56.96691871438623
0.5015786060959446,0.4661649890806131,56.82329543397839
0.5415307470102146,0.37090900080971645,56.90208126652634
0.43469972955883684,0.9292911377764492,56.239001217198435
0.6284398062808867,0.21528592936400248,56.72946439800504
0.10151482809097023,0.7714082999532914,56.27880629661317
0.888116759918267,0.3358870884284314,56.58328848291646
0.12270165497843721,0.3595392409292868,56.91877740352725
0.43911092280908615,0.6040955550671817,56.057416292501344
